USER_NAME,USER_REVIEWS,USER_RESTAURANT_REVIEWS,USER_HELPFUL_VOTES
"Iain U",180,99,87
"Darius S",2,0,4
"Jonathan A",12,9,9
Juliesamari,39,23,14
Novajane,6,6,3
Jeanettehaga,3,0,1
"Knut Marius S",8,7,3
malcjones,24,8,50
"Dai S",39,21,15
"Unni S",4,0,6
Corniglia123,2,0,2
"Jakub P",49,49,105
"Tori K",201,153,138
j0annaa2015,1,0,8
"Margo K",14,13,8
conejito0869,3,0,14
Taylordiva,72,48,42
"Carsten P",6,0,10
"Bart K",6,4,21
AgataStar,232,160,112
"Eirik N",10,8,6
Ollstar,10,8,6
albanissima,2,0,10
2408al,4,4,7
VG73,12,6,14
"Maurice w",12,12,9
"Jane W",6,6,8
Heggvin,83,30,30
TimKJ,93,60,18
Ynte,12,8,2
"John Q",1,0,1
"Artur M",1,0,1
gregroberts2014,6,6,12
"Lila O",14,10,4
"Aleksandra S",1,0,2
Hans-Are,11,8,4
"Ron v",136,94,30
"Micha M",104,69,57
jtowies,56,31,71
LadyItameri,8,6,0
"Sophie B",1,0,2
"Ewa W",40,32,20
Divert2015,7,7,3
Mikethebike476,4,4,6
"Przemek W",3,0,2
laineyling,13,3,11
"Britt-Marie S",7,5,0
kruuza,340,196,156
Kamalkalsi,1,0,4
"Eirin T",1,0,1
AWFriz,1,0,0
conrad14,37,18,46
JJdub1,8,5,8
AnjaFJ,54,42,45
JacekBJ,2185,1265,1820
laputaLondon,7,0,7
"Andrzej I",9,3,21
write2miriam,3,0,2
"Maria H",75,51,57
"Camilla J",16,8,0
Agnieszka...,464,296,218
Tottolott...,36,18,18
Ekaterina...,68,62,24
Katarzyna...,320,186,154
ceccypia,300,172,104
"Jenny T",4,0,0
irka712,1,0,3
Jaroslaw...,18,10,7
"Wouter B",3,0,6
"Emilia T",6,0,5
"Oddleif N",24,14,14
"Kyrre B",6,6,6
Christine...,4,0,8
"Pawe Z",53,50,25
Waldemar...,5,5,9
torelars,8,7,1
wenchekal...,2,0,2
sokrates0...,24,13,15
"Tatiana S",1,0,4
"Zofia S",60,42,45
"Beata B",29,13,10
claudiak5...,1,0,2
_Vol_84,41,23,4
AnnaT63,105,27,63
jymand,21,15,9
7voyageur...,13,12,6
Sarelka,36,18,16
Arnfrid50...,16,10,0
"Janie V",8,8,3
"Carlo C",194,146,104
"Thanh Bin...",1,0,2
LucasioLu...,10,6,4
Aleksandr...,48,27,12
"Frank G",2,0,0
Andy9484,4,3,1
"Marek P",51,18,63
"Piotr R",2,0,2
"Dieter K",94,36,72
Rosman23,10,8,16
"Aneta N",2,0,3
"Adam Z",41,20,21
"Gosia P",1,0,0
"Mateusz J",9,8,4
"Trine T",4,0,0
"Lidia K",2,0,0
"Adam C",16,10,16
"Rafal S",1,0,1
"Mateusz L",1,0,1
Boguslaw...,11,6,3
krosno12,4,0,4
"ukasz Z",6,6,6
ulla0309,1,0,0
"Lech W",2,0,2
"Pawe G",1,0,1
Aleksande...,18,10,13
JacekGd84,1,0,2
Azja505,1,0,1
biszek76,2,0,4
Valeduck,12,6,4
Izabela19...,24,24,4
"Mariusz P",1,0,0
"Arne J",15,8,7
"ola a",1,0,2
Weronika...,5,0,1
Wojciech...,3064,1799,1626
jasiek111...,190,112,44
Krzysztof...,199,104,71
Globtrote...,33,21,18
klarakota,34,24,26
polomka,10,9,3
"Piotr C",3,0,3
mireklh,2,0,4
"Anita T",2,0,3
115riker,2,0,3
"Bart S",2,0,7
Arkadius...,1,0,3
"Daniel B",9,6,5
cleopathr...,37,13,60
K143A,31,25,15
Maddawg01,59,19,25
"Rose N",15,12,6
irishediger,2,0,1
eri_spelo,2,0,1
"Michael P",88,46,96
"Nadia S",1,0,4
"Thomas M",7,0,4
Leopold67,18,13,9
Mabe31,1,0,3
CarolineFryer,3,3,4
"Kristian N",1,0,4
anniekdebakker,48,42,18
"Sascha S",2,0,3
"tony w",392,231,196
Geophysicsman,56,34,22
Pine07,732,240,220
759quintend,1,0,2
"Tiina P",1,0,1
jojimbo,1092,570,606
telali2,270,153,180
"Tony L",1,0,0
"Alice E",7,4,7
smarsman,103,72,81
"PlasmaMedia P",1,0,1
SuusjeEindhoven,22,8,10
elkabelka,692,420,424
"Mikko T",36,32,8
designminkey,219,108,105
petervandenbroek2014,10,7,2
Jimmi_DK,40,30,46
"Aaron H",1,0,2
BIBW,46,20,14
"Claire F",2,0,6
beckyrolph,3,0,4
Emil91h,2,0,0
"Marco T",33,25,53
nuriapimp...,154,98,112
"Emma J",6,6,2
"Jerzy A",91,84,35
"z z",34,24,12
"Tina A",12,6,2
Angielika...,1,0,0
"Ewa Z",1,0,0
Elisabeth...,66,39,30
"Morten L",1,0,1
"ukasz L",4,0,1
lallabenn...,18,12,6
"Trine F",11,6,4
jhq-4370,1,0,1
mosto78,1,0,0
arnteivin...,40,35,10
2Luigi,18,13,6
"Ma R",34,18,16
Kristoffe...,33,12,17
PureAs,1,0,3
Pieprzowy,28,7,31
anna_glow...,16,16,40
"Monika O",28,24,8
"Pawe M",8,6,5
Benedicte...,29,28,9
"Trude T",1,0,1
"Pawe W",3,0,1
"D B",1,0,1
"Juanjo M",6,5,1
Oda111,33,18,6
"Heidi J",1,0,1
"Hannes D",1,0,1
gwaram,20,20,14
"Marc a",1,0,0
GKonovale...,179,62,105
pumse,1,0,0
"Lars B",40,35,5
"Anna S",234,142,138
"Sandra G",4,3,2
"parzy k",10,8,4
"Geir S",15,15,6
Stanisaw...,17,7,16
"MEZZE Syl...",1,0,2
"Barsow S",8,5,2
tove134,1,0,2
"Piotr M",12,10,10
"Agata C",15,12,7
"Peter W",6,4,10
"Gosia S",1,0,4
NazwaNieM...,20,20,12
"Atle L",1,0,3
blossbook...,4,3,5
"Wout V",54,22,8
EboracumYork,990,645,480
"Artur G",27,11,12
WKNDWa,60,12,4
Celestine89,35,16,12
reichski,9,6,2
"Chista N",216,96,198
lynnhurley,135,45,57
"Stephen B",23,12,6
reisefantomet,10,5,2
Fielina1234,40,32,0
"Alice L",18,13,2
"Reneta N",4,3,1
Iirme,1,0,0
"Justyna K",21,15,4
"Al H",3,0,1
"Piotr K",62,52,34
artsta,34,18,18
Andreea_C_Hristu,36,18,12
"Paul S",307,150,211
DanimalBWI,59,52,27
"Jose G",3,3,1
"Stein S",22,18,4
"Natalie C",14,7,1
"Nadia X",156,64,60
"29fabbe29 .",2,0,0
"De K",48,21,21
krysti2014,6,4,2
"thuy t",2,0,1
Tapio31,155,80,15
"Domi N",24,18,12
"Mateusz K",39,25,4
Jacek-Tomasz,16,10,6
"Kefah A",22,11,5
TimTimTim87,4,4,1
"Aykut I",1,0,0
jujitsu77,720,670,376
"Zeke D",11,4,5
Noz1,7,6,9
"Agata O",6,6,2
nmitsides1,273,186,162
marcowy,56,34,4
"PiratesOf K",1,0,0
"Alicja M",15,13,6
pawel_hbg,806,240,698
lordfarquart,2,0,4
"Amy S",120,60,45
Ch-Henry,260,94,108
"Ivana P",2,0,0
"Cara L",24,20,10
shirleyandroman,2,0,0
garybasing,128,52,40
"Oktawia B",2,0,0
"Kasia Z",25,22,3
"Tom H",20,17,9
"Lucy N",6,4,6
MakaiTamas,6,4,3
"Jasia P",5,5,1
"Anssi M",9,8,6
"James M",3,3,2
MC_657,660,354,276
"Pola G",13,4,18
thearndt,580,260,304
Mbator,93,66,138
"Dominik M",2011,1022,622
"Asia F",1,0,0
"Yasmina R",14,6,10
FrequentFlier100,19,6,12
JacobVanders,2,0,2
GosiaKJ,259,175,91
stkarcz,38,14,10
Dominika...,76,64,26
"Dorota M",9,3,8
Smakoszzz,24,22,0
SeMiGa,10,3,0
seboprzy,4,4,0
mgr6,54,36,6
450dr1967,1,0,0
"Magda T",6,4,1
"Daria S",1,0,0
bboczula,2,0,0
"Maren H",5,3,4
JoannaGgg,2,0,0
siemadenm...,3,0,0
Monia70Ro...,22,6,2
Ania_Gral...,40,14,8
mgdansk,2,0,0
Sycyliana,180,84,32
pmalina6,92,68,36
Jarek82,26,12,38
"Monika H",33,21,0
"Hans v",14,12,2
"Olga N",5,5,2
"Zibi J",42,32,18
SuperFere...,42,36,6
kaja275,120,112,16
"Julas K",1,0,3
"Justyna W",2,0,1
"Izabela S",31,20,4
karolkafe,4,0,0
"Paolo N",16,8,5
"Jitka F",8,7,0
sofieliza...,18,18,0
nooravag,16,10,6
SecretBlo...,12,10,6
w0jtunio,2,0,1
"Adam K",29,26,12
"Szymon L",18,10,4
"Dorota H",13,0,0
IzaU2013,22,16,5
zwiatremw...,33,16,11
"Bartosz K",29,19,4
Freeqy,1,0,0
"Jakub S",2,0,0
"david v",16,6,2
Karolina...,303,178,66
"Kasia M",21,16,7
karolcia9...,175,50,15
"Marcin S",111,83,46
"Klaudia Z",30,20,6
"Ola T",8,8,2
Agatanero...,16,12,8
"Pah T",288,48,102
Damian199...,27,24,9
"Monica C",7,3,4
juuulian,4,3,0
StefMilan...,154,82,74
"Peppe L",117,93,27
"Denis B",200,48,120
"Kamil W",8,6,8
Monika_i...,4,0,4
"Do R",12,9,0
"Marta N",182,175,35
Aleandro...,10,0,2
"Karol B",2,0,0
Sebastian...,75,16,59
"Cihan A",4,0,0
Mignonka,5,5,0
"Szymon J",24,16,7
navigate1...,3,0,1
"ANDRU S",4,4,2
"Natalia L",174,126,12
"Micha S",1,0,0
67jac,1,0,0
Vlad870,128,80,16
hofander,12,8,2
Krystian...,100,44,24
olciaik,6,0,2
"Lena H",2,0,0
"To Ja S",3,3,1
Karorzech,2,0,0
Biker-Tho...,74,15,34
clio_sele...,2,0,2
"Agata S",3,0,5
Aliai14,10,3,4
"Julita S",24,14,6
Patrycja...,34,23,30
KarlaWu,40,16,12
"Piotrek K",9,7,1
moab_13,63,19,50
"Janek K",10,6,1
Caroline...,18,14,0
Kallveris,18,12,3
KPNTN,270,129,90
Alutka95,32,15,27
Annomon,104,84,36
Svietik,129,42,72
Vladimir...,4,3,0
"Mateusz M",28,16,17
"Filip D",3,3,0
"Kaya Z",20,16,4
vanilla16...,9,5,0
Lemmra,16,14,5
"Camille B",6,6,2
kaczmarol...,3,3,1
tenkoloro...,8,3,6
wbielawsk...,12,11,4
Pawlikowa,65,45,10
Malgorzat...,58,30,26
PJOTromss...,69,51,36
RudyUS,3,3,0
Donatella...,136,94,52
"Marta C",27,18,10
Pitforek,13,0,4
anieczka,2,0,0
"Elena K",100,28,12
"Marco G",16,16,0
Raffik000...,124,36,66
"Darek C",1,0,1
"Marta J",6,3,2
"Jan A",24,21,18
"Robert T",280,161,112
"Nina W",66,28,58
"Jana W",84,40,44
ThaMik,1,0,0
"Tomasz K",7,6,10
"Joanna M",5,0,0
"Asa S",1,0,1
Acantus,34,26,6
"W Z",24,22,12
BerlinFra...,195,90,108
"Paulina E...",2,0,0
murlesia,313,187,86
"Mateusz S",1,0,0
Monikki71,24,19,7
Bartomie...,130,70,45
KinkyAnn,12,10,4
Klinkosia,58,22,38
"Artur B",4,4,3
"Marta F",31,27,10
JPopiel,213,29,121
keryjka,1,0,0
"G N",3,0,2
AlexTrojm...,60,45,15
"brak l",7,7,7
Marloie,130,66,54
"Zet E",205,85,90
"Marta B",10,8,4
"Adam J",18,9,10
"Kamil M",7,7,2
"Basia S",10,6,11
nielubiet...,12,3,14
"Marek D",455,275,140
Nikolay82,92,80,34
jacektr,2,0,3
Magdalena...,170,120,44
"Anna K",313,249,149
"Alicja B",90,60,38
chiara_sg...,102,86,26
"Pawe B",326,301,29
recensito...,60,25,36
Pszczoolk...,3,0,2
ciemny77,3,0,2
Cristiana...,8,8,11
"Pau P",51,48,21
"Laddie O",1,0,1
Annecxt,17,0,19
Brussels_Judging,21,13,9
"Johan L",4,0,2
clara851,30,4,7
"Toby M",2,0,0
bpiscesun,17,5,3
"Arne N",1,0,0
"Cedric S",3,0,1
ninainceman,10,5,8
dompros,1,0,0
"Jacek O",2,0,0
Grzegorz...,109,49,60
"Marta K",3,0,0
Przemysa...,1,0,0
"Nadia F",152,88,32
Ricciolis...,924,584,278
trans00,1,0,0
Hieronim...,1,0,1
"Micha J",2,0,0
"Rob C",1,0,0
smakoszek...,2,0,0
22MP22,42,40,8
"Ania B",87,66,24
Bogusaw...,1,0,0
"Julia R",1,0,0
"Anna P",9,0,8
Photograp...,296,180,84
"teresa c",1,0,0
tomson623,28,13,6
"Justyna M",10,10,4
"Renata D",5,3,1
"mira k",6,4,4
"ignacio o",30,30,14
Gajos76,2,0,0
Gdynia123...,1,0,0
abakus,54,32,10
Stein12345,95,80,25
Norwaylady01,3,0,1
IanJuan,336,165,102
"Jonas K",1,0,0
Gronings_Expat,95,24,85
"Gregg M",104,80,16
"antony l",3,0,10
"Jorgen H",4,0,0
OscarOslo,17,6,11
"Jan S",8,6,2
debdahl,124,62,58
"Mari L",3,0,0
Beckybumbledrop,50,35,5
ShanksPonies,80,39,50
Oeien,16,12,0
knemis,31,12,6
fsax,177,102,126
Petepee,93,75,48
langholm,38,22,10
"Salim D",4,3,1
"Niall C",30,20,32
NielsB90,3,0,2
Fleckapuppy,48,32,13
losprohlos,10,10,4
lenkre,288,180,144
"Gio S",36,24,12
"Cristina F",2,0,0
happytravelerDurham,47,29,25
Gian81_1,420,320,208
"Gail M",5,3,1
"Jouni L",416,164,204
"Jessika B",1,0,1
Hesimj,1,0,2
Storm4me,67,18,47
"Brett P",2,0,2
Babeski,270,222,186
tomih95,1,0,0
mikkom197,5,4,7
"Harrie H",5,4,1
Solveigege,2,0,0
joew1967,117,69,99
Ravennarose96,137,67,117
"Ulf P",61,39,26
DiploDave,78,56,34
"Megi P",12,3,4
"Sharon G",245,190,85
balzan,6,6,4
"Phillip S",33,27,9
Cranwood,1,0,0
yvonnefors,2,0,0
DrVetticus,32,10,28
"Lee M",128,52,36
"Nina S",8,4,6
"Adriana M",11,7,2
"Kai D",72,52,58
LadyLottie,57,39,45
NiallF91,112,84,63
"Arya O",104,36,76
"D H",5,5,2
ClaireLoop,4,4,5
"Camilla H",2,0,2
frkmira,2,0,3
racingferret_uk,3,0,1
"Robin V",4,0,3
t0by86,32,22,30
Vonpaananen,1,0,2
GunnHa,1656,1164,726
"moya f",75,51,42
"Leena S",910,625,200
william2905,105,75,55
"Martin K",15,9,10
Jilllian,3250,2330,1735
Lonesin,24,15,39
"Emmanuel A",2,0,1
"Ine Therese K",9,7,12
GunnTore,2,0,0
"Arne E",20,8,2
"Irene K",8,0,4
"Johanna S",1,0,0
Murthe,51,21,3
"Geir V",32,20,0
Bokjah,3,3,0
Turysta_7,47,21,44
Mena12345,110,40,26
AstridLan...,30,8,20
rascalibe...,1,0,0
maurowave,1636,680,1430
alberaf,355,283,159
"Davy M",7,4,5
alcont90,1,0,0
bertjonge...,85,30,7
"Trond L",16,12,10
"olov a",24,24,8
marcolio9...,12,3,3
jorunn53,94,48,46
reginaf17...,34,16,16
"Pro F",9,4,4
PHLVB,12,12,2
Zawalidro...,22,18,24
Tollaro,8,7,7
Hattifnat...,3,0,3
"Erika S",40,18,14
Tullingee...,12,8,4
"Sara L",10,8,4
"Pawe K",148,52,58
"Tom P",28,20,15
Hakujin72,1,0,0
"Anders J",13,9,8
"Anne Mari...",190,96,32
"Galina B",212,80,122
"Svein B",2,0,1
Joppe2013,2,0,1
macdrolas,228,156,92
"Frode G",20,0,4
"Anita N",16,6,6
"Terje F",432,220,304
igigabass,128,46,72
"Ilona K",150,44,22
Ancalagon...,9,5,3
JoneHS,12,10,9
RubiaPola...,9,0,5
Mathilda...,32,28,8
"Edyta S",1440,1050,270
SBrenden,1,0,1
IngridBie,4,3,11
Laars1,90,54,24
Beherma,1,0,1
jompah,21,15,9
Curly_Da,15,6,19
"Anna G",68,38,26
unnimarle...,177,99,48
Pumachic,13,4,3
Bullmamma,15,9,5
ebuphil,65,35,25
Alessandr...,314,179,389
Kyjanka,226,100,214
Jhaug81,1,0,2
"marta s",24,11,4
TheCodfather,256,152,352
JulesG1304,14,6,6
"william t",266,190,32
"Colin M",12,9,0
"Richard B",4,0,1
"Marcin K",32,30,2
kochamkinie,462,111,213
Marioviaggiatore,379,169,262
loic_ds,5,5,1
Linda_1876,8,6,6
"Tonje O",21,18,0
hemingwayaway,685,330,1210
"Martyna S",19,11,21
Juliaaurora,72,27,78
"Linnea K",30,24,15
wildcats8,66,13,44
"Leonard G",24,24,6
"Miguel S",15,8,6
nicklawton,5,0,4
"Adrian S",16,12,10
jassujasmin,3,3,1
"sally h",225,111,222
WillBill55,664,180,268
m0zfan,406,280,476
meggymoo28,42,30,26
"Matthijs J",80,36,20
Amylie-Laf,6,5,2
"Daniel S",148,120,43
"Michelle B",40,36,4
"Stuart T",1,0,0
adventurena,40,22,42
esragezmekistiyo,69,57,42
LondonNYWA,57,48,24
Annasito,27,11,10
Nuranura,50,35,35
borynka,185,110,90
"Magnus H",11,5,9
"Vinnie T",32,24,20
AlanT88OWN,486,174,156
Voland363,1,0,1
J2119,5,3,7
Wales63,41,31,40
"Andrzej O",11,0,2
"Paulina Z",9,9,0
"Henrik L",42,18,0
"Michael F",64,30,12
"Darya R",12,12,0
"red :",242,70,22
"anna m",69,48,4
"Monika N",7,4,1
"Michal W",14,6,6
"Piotr P",20,12,10
"Natali S",7,6,0
ZimnaBuka,12,8,6
"Tatyana D",638,456,154
Kanelbull...,135,111,51
"ukasz W",16,6,5
"S B",18,10,2
Tomsky1,40,32,8
Huubii,180,150,65
"Odd R",11,9,2
lustgarte...,3,0,4
Kristofer...,10,10,0
"jjg j",344,236,48
Framy59,398,164,218
candmcooke1,114,90,48
vt2europe,20,13,3
ED44SF,71,17,35
SylwiaSza,84,31,25
"Norbert K",80,70,34
HoneymoonersUppsala,10,4,6
"Katie J",244,208,56
jesperzac,38,31,11
Niinacarina,14,10,4
Randriksen,38,23,18
lalapl,56,52,8
"Lene H",60,48,6
viktoriaferencz,124,94,22
"Steffen B",6,6,2
"Anne V",14,10,2
"Heather S",440,264,116
Marshland82,32,27,18
NainaKiewna,52,30,14
lindsayofsheaves,19,13,5
"B R",90,18,48
Nicholas_Yanica,15,10,7
"Erika V",162,118,60
Jacovski1987,60,55,35
"Sarah S",2,0,2
KatBarnwell,118,94,60
grimsruds,45,39,57
TheChief,232,88,156
"Guste M",100,26,50
goodgoodies,15,15,18
Kiwi_Karen2013,14,6,20
"Kristian M",6,4,4
Pete973,17,9,3
Squidsoup,186,81,120
guptaka,30,28,10
matrix1000,526,216,378
PeterCF44,124,76,80
"Susanne S",28,28,8
Mikethecoach,11,3,13
"Paul C",26,17,12
tomtomnor,604,348,212
mrsMaus,64,13,38
kirbzzz,86,30,29
Dzinni,16,10,8
LestateWei,182,66,110
"Telma I",6,0,6
vhussenet,3,0,1
"Grim M",11,11,3
"Michael M",2,0,0
tassieBerlin,152,102,62
CharlieonTravel,79,50,54
Plitka,24,19,5
Petesholidaytips,4,3,6
neodv9,40,28,18
Brynheulwen,84,42,140
manzana26,64,38,14
"Matthew K",18,9,18
Glutenmonster,6,6,6
emmaati,13,5,8
Rera265,16,6,8
"caarina b",6,6,3
"michal n",1,0,2
"Monica L",7,4,2
"Martina G",4,0,0
"Sylwek S",7,7,0
bella7892...,12,8,10
"Beata K",8,6,1
"ukasz B",2,0,0
"Sawek S",22,13,2
AlyAlyceP,38,28,14
Inchufla,26,16,15
"Liv Chris...",3,0,0
"Iwona J",18,18,8
HaHIIT,2,0,0
Kristine...,19,18,3
"Marcel S",12,0,2
"Ania G",9,9,0
"Dominik R",32,30,8
Karolalal...,51,24,18
"Peperuo V",10,10,0
tandzio,3,3,2
"Maciej S",2,0,0
Camiladel...,10,8,0
"Sylwia P",180,96,48
"Damian S",27,18,12
"Rebecca S",8,6,0
"Poranna R",5,4,0
KarolinaL...,8,8,2
"Kamila M",3,3,0
Aida568,1,0,0
"Jacek D",35,19,9
SJarek,8,8,0
Bertaaaw,24,24,12
EBsol,18,14,8
"Marc S",968,604,172
MikolakKe...,88,52,8
"Karina P",6,6,1
"Miriam A",4,0,2
RBN35,27,15,12
"Tomasz W",14,6,6
"Miszka S",18,18,3
"Agata J",5,3,0
"Margit S",1,0,0
merol777,2702,1085,980
woojinlin,132,75,67
"Hilde E",9,9,4
lenkarol,44,34,10
annieok20...,318,252,150
"Sahar H",2,0,1
"Andreas G",72,42,3
Karolinen...,6,6,2
Zasmakowa...,132,88,56
ArvidFa,8,0,2
Stavanger...,46,20,38
dorota90,34,6,7
"Jadzia N",165,110,120
"Jimmy K",188,120,30
Akebakken,8,6,0
"Wojtek O",24,24,8
Polina-Og...,176,94,48
"Runar K",1,0,1
"Pawe L",2,0,1
"Yulia R",2005,880,3310
xoxor,29,7,7
wojciech0...,172,92,140
"Marcin P",9,3,9
gianni48t...,144,96,63
"Viktor K",30,18,14
"filippo z",32,25,19
"Mats P",120,54,18
"Martin P",92,59,32
Soppulf,38,22,10
Sturlings,2,0,0
MajaM774,94,52,32
"Alessio P",1,0,0
Joanna_Po...,39,30,6
"Miriam J",3,3,0
VidarMe,28,12,18
thebourbo...,204,168,76
artiffm,7,3,4
"Eirik S",12,12,3
KeepOnMov...,138,129,63
AnnaJohan...,6,6,10
"Mariia A",91,31,70
Nankaaa,32,20,14
MM1958074,552,405,468
...,137,75,87
"Natalka K",4,0,4
mollydorset34,20,7,15
abayoka,38,9,29
voitoosh,54,18,30
"Pidde P",4,0,0
357AG71,6,4,2
uberelfer,7,5,3
larseryd,3,0,0
DarrenH4,31,14,12
fraugluecklich1,22,13,3
VIktor332014,21,7,9
janevick,8,6,3
TheWillis07,7,3,4
FECarson,4,3,0
"Ania K",4,3,0
"Michael B",42,21,18
EirinLZ,68,56,40
bj0rn89,1,0,2
Aperolmannen88,1,0,5
4-legged-creature,234,84,60
"Yarek M",6,0,0
LediManchester,10,6,4
"Posh N B",55,33,53
KaHa969,50,10,22
Katukas10,15,15,15
KaylaManning,256,88,508
thehund,1,0,2
90_Verde,11,6,14
"Jukka K",3,0,4
sa_oo84,6,0,6
MM_Oulu,66,36,51
"Kasia e",3,0,0
Lavezya,7,0,2
"Freyr L",78,57,6
"Adam W",5,4,5
"Antonio F",730,650,180
"Emil A",11,0,0
prayerInC,2,0,1
"Peter J",27,12,15
Anne-Mali...,18,12,3
"Daniel C",34,20,4
"Andreas S",290,102,88
"Patryk L",3,0,4
"Barbara M",6,4,6
"Tore G",1,0,4
Margrethe...,3,3,3
"Rafa C",1,0,1
InConGruEnTe,23,18,24
"Piotr S",5,0,1
Kasia2406,2,0,1
"Leszek M",4,0,4
MK2B,525,525,200
"Kamil C",1,0,2
kimmomatkaaja,5,3,1
67piar,26,26,8
GALONNERO,6,6,0
RozaiAlek,2,0,5
"Anna Z",25,3,39
EmiiMihau,553,350,63
"Pawel Z",2,0,0
"J. P",4,4,2
"Likh L",2,0,0
"Micha C",45,11,14
katy_nen,12,0,4
R0bsky,1,0,0
Gregory11...,54,33,18
"Magda M",1,0,0
"Darek K",7,0,0
"ukasz N",4,4,5
"Dagmara P",14,5,5
WojciechS...,110,45,25
Krzema,1,0,2
IdaKatariina,4,4,0
SofiaGarcia,75,54,9
"Boris L",94,66,47
ParadiseDonair,21,21,27
katarzynamalgorzata,14,10,10
MLSimonsen,2,0,1
MaciejWojcinski,1,0,1
Tedwong1977,36,24,26
MP-Norway,62,12,32
matowi,35,18,23
stighvorup,3,3,7
"Magnus M",6,5,6
Molly_Meg1977,22,18,11
Astralavista,11,8,6
Elin_o123,1,0,1
Jolis36,21,4,6
VB_Oslo,7,0,6
ofHarwich,174,110,98
"Tiina J",20,12,9
UnidentifiedTraveler,3,3,4
"Pal K",32,30,34
polekatPorthtowan,30,16,26
GHMShrewsbury,624,420,304
"Kees V",30,17,14
Camilla-reiseglad,6,6,0
fritzmollie,81,20,50
"Don M",444,220,92
KaneScott,42,28,28
"Valery S",150,118,56
"sean c",15,8,9
RosineB,316,126,140
"Rorie S",4,0,1
MartiniWarsaw,70,31,59
Daniel1984OSL,16,12,10
"Katarzyna M",14,11,7
Yennefer91,72,36,18
"Amit A",46,36,16
PatoColumbus,120,14,88
Jo65_DK,108,98,46
"Tomasz S",128,68,40
Olesette,62,38,63
Warsaw_Mario,56,31,34
"Luke T",12,10,9
ageKopervik_norway,6,4,5
"Zibby K",53,23,28
Lillemonster,30,18,33
"andmaro a",93,87,72
Mattsaman,160,58,102
"Ola K",9,0,3
marithbk,136,64,40
weiyunmak,118,110,70
Bauhaus100,99,59,52
erc0lan0,28,17,23
Superkajsa,22,12,10
"Tamara C",5,0,2
"aga s",1,0,0
"Zbyszek R",1,0,0
"Antje H",1,0,0
"Marzena Z",1,0,0
"Jolii J",1,0,0
"Alicja S",1,0,0
"Klaudia W",1,0,0
Alicja_Za...,1,0,0
"kasia k",24,12,2
"Hans K",1,0,0
MartaTW,2,0,7
"Jochen E",1,0,0
Eatrest,30,9,7
Ilona,86,40,22
"Anita K",9,0,5
"Anja M",3,3,0
"Adam M",1296,552,340
Przytocka,32,30,20
Hamsterba...,2,0,1
KetilC,8,8,2
"Lorenzo D",6,5,4
thomasvae...,25,19,4
"Bartosz G",1,0,0
"Marek K",1,0,0
"Bartosz C",1,0,0
"Marina L",15,3,7
"Rafael G",13,9,9
erebus200...,432,272,104
WojZa,116,70,30
"Lidia H",4,0,0
lechca,99,43,70
monika_wy...,156,72,66
Ubo076,53,36,1
lusiro,11,3,14
Iwona1961,13,7,6
Gringo666,8,0,1
XO23,14,6,14
Nicklas80,3,0,0
"Bente M",17,12,9
"Are G",54,33,21
Piotr92,16,16,12
"Joanna O",81,20,29
annkg,40,20,6
Lazerlaze...,52,32,32
"Tommy S",5,4,2
mauriziod...,159,75,81
Nicoletta...,99,54,46
ttg12345,42,32,16
"Anka K",77,42,158
dirkandol...,43,22,32
"Almut G",3,0,2
Vale1308,141,68,44
marlewrhy,46,35,23
Marceltj,4,0,3
agniesp,10,4,2
Sherham,48,14,36
InnaArina,16,8,6
"Aleksi T",2,0,1
"GoSia K",6,5,2
"Charlottecharlo... C",3,0,2
TulpanAmsterdam,332,248,94
Oil_sweat_and_rigs,8,6,2
MatsLindh,128,52,16
"Aleksandra M",1,0,0
adammichael77,22,4,15
miimikko,75,70,5
bobbyblade,232,142,338
uncletony,130,28,294
"Krzysztof B",2,0,0
Sebastian7790,4,0,1
"Pelaski P",87,74,27
ThereseVS,114,33,12
852hannu55,4,0,0
tonik448,45,40,5
Ola_912,58,24,30
Alpenbitter,41,24,26
"Rohan S",8,6,6
"Tom R",504,456,96
"Gidion V",2,0,1
Coolhead55,47,11,11
angelas1966,40,18,42
Kime69,1,0,1
ktandstu,50,18,40
"Marius Z",35,10,39
annaaW6333ID,108,54,30
sheewee,1,0,1
mebaltes07,1,0,1
Wiedehopf,3,3,1
LasBabas,54,22,82
"May-Lene S",2,0,0
MaritaFagerhaug,112,64,28
GarrLocke,3,0,0
Chanksie,250,108,402
Tollbooths,1,0,0
37_ellena,19,5,15
"Robert C",160,112,34
tarzangav,103,26,80
"Gepetto C",9,9,6
MinkeOenema,2,0,0
"Jiri K",76,41,28
"Gabriel P",56,23,55
"Alex K",2,0,0
Boy_joli,6,6,0
DerHenni,147,63,78
French-Fancy36,114,84,84
agamroz,5,0,1
clare621,116,30,80
"Victor S",5,0,6
Vinminister,11,10,6
Baget,42,26,6
"Agnes L",36,24,18
janevada,54,26,42
"Beata M",1176,855,468
slawenty,7,7,2
Krzysztof1000,10,3,10
ZbigXXXX,18,6,8
sriis,21,21,12
"qubelas q",1,0,0
Reima79,33,30,0
Baksetesjaforen,54,24,138
"Jouni V",560,448,322
"Magda G",12,11,5
"Igor S",47,15,58
LISE54,15,6,10
ystein,2,0,1
DudeTrip,1,0,1
Keerthana_Sethu,14,3,23
carapils,1,0,1
"Giancarlo M",2,0,0
irenem72,30,4,56
"Michele R",46,23,29
Late-Day-Traveller,796,400,304
Jungelmann,86,50,46
bertillen,18,8,9
KisaAMA,103,67,36
"Mario L",146,68,162
Yum83,3,3,6
"jonathan r",7,3,9
ArmandDescailloux,1,0,0
"Filip T",12,6,0
"Marta D",18,7,11
"Eli H",2,0,0
"Monika S",2,0,2
CatoTot,14,5,2
"Roos K",7,0,1
"Arne G",57,39,3
helgehals,63,63,3
Rikard80,222,159,27
Cristina...,22,20,0
"Manuel S",18,18,0
"Henk t",130,44,46
Mariolka...,3,3,0
"Mia T",1,0,0
Karianne...,22,18,2
"Keicam A",56,32,2
"Monika K",27,17,7
piskierka,3,3,0
PiotrNet,3,0,0
thomashc8...,9,7,1
Barba984,17,17,3
Carstenau...,86,38,32
"Kathy M",2,0,1
KmkCorp92,2,0,0
Marvin_19...,18,11,0
"Tomasz G",43,18,18
dby93,31,7,20
Kasia62,1,0,0
westesson,63,7,18
Kashmirr8...,12,9,1
MDRZEWIEC...,2,0,1
pietroz55...,20,11,2
"Tomasz B",89,52,45
"Filip B",29,14,3
"Marcin W",2,0,0
"Kasia C",4,4,0
"Cecilie S",1,0,0
"Martin J",40,26,2
Isabelle...,129,21,60
"Betina B",8,0,0
Artyogin,45,30,0
spa0906,12,12,0
Merk85,80,54,26
"Xcbxfh H",7,5,2
Christina...,46,32,13
"Stale T",7,6,0
JorgenJac...,153,37,95
DanielPor...,10,3,2
"Roland K",60,52,12
jo_aleks,28,28,4
yobwons,22,10,16
"Ewelina S",1,0,1
"Bart O",1,0,1
"John H",109,51,27
Ryszard_O...,540,342,699
simenoien,8,5,3
"Tomasz Z",38,24,7
"Teresa B",1,0,0
"Tomasz D",4,0,2
"Darek U",12,8,6
"Nicolas K",70,48,26
"Edyta G",37,24,13
Pawelek84,1,0,1
toeriksen,2,0,0
"Maciej G",3,3,3
Dunkfarth,33,27,12
Gapatrost...,72,57,21
"Gos O",35,22,13
RobLille,58,37,15
bluecoqui...,14,12,4
AneczkaAn...,2,0,1
mikolaj75,1,0,1
"Rebekka I",4,3,4
Marianne6...,14,6,13
"Magnus L",21,21,3
dank202,2,0,0
mamoh2014,5,0,4
"Maciek C",150,81,309
"Bozena C",1,0,4
"Pawe S",1,0,3
"Jan G",1,0,1
"Bente Hel...",8,6,4
amjjm,6,6,6
gabrielct...,5040,2667,4900
euarseni,41,24,18
Kaaterina...,28,25,4
PLXZ,6,3,2
"Kajtek D",4,4,2
Magdalynk...,12,7,9
Cogito62,116,50,53
MadaaIM,14,8,12
Olga_L09,18,3,7
marekpawe...,18,10,10
Maciulkin,4,3,2
"Ingrid K",60,24,6
"Gianni A",157,69,229
Michael13...,171,123,75
lobo-pl,8,3,9
Berowit,27,7,18
santiago4...,18,5,9
"Synnve J",11,8,0
zimmer73,24,12,2
"Zuzanna S",1,0,1
Yagusia,1,0,2
Bernardo...,165,113,74
EunikaSz,1,0,1
rychw,6,6,4
asioper,1,0,1
TomekAnia,7,5,5
Bartixd,1,0,3
KrisS47,4,0,8
"Frulo G",1,0,0
malkonten...,1,0,0
ramiro8,3,0,1
"Natalia G",6,6,18
Alfon61,100,55,50
Ovilnie,138,82,60
Maciej74,5,0,1
"Terrence T",21,12,8
"Sven G",24,23,7
FrederickJT2,7,0,3
NormBC,396,182,216
IulianBucharest,10,3,8
"Justyna B",16,16,4
KatrienBelgium,12,3,3
Sanka_Lives_Here,3,0,0
NinaBergsten,1,0,0
crq2010,45,31,22
"Josan Y",7,4,3
sommer9,85,29,54
Eric0099,146,77,59
Gryzli69,1,0,0
"Cecile B",70,44,20
"Ulrik J",76,28,23
"Meghan D",7,5,0
Adventurer62,136,68,36
"Salla O",28,16,16
v700,96,42,78
"Tomas G",27,21,0
"Robert B",48,29,16
"Lucy A",8,0,0
"Bevy JJ G",19,19,7
"Iain N",20,6,8
wabajisik,30,11,15
"Natalia K",11,7,1
"Riccardo B",1,0,0
mali2007,50,14,89
"Matt O",18,8,8
Kingsjill,13,6,10
NrSmith,6,0,3
AngelaWI,21,10,15
Closie,1,0,0
Larksongbird,21,13,17
"kris k",16,12,22
KovskiJordan,3,0,2
"Tony H",204,138,87
"Adrian H",154,58,65
DesL,14,10,7
GSheppard,3,3,1
MagdaBW,35,22,22
"Kachna K",2,0,0
Zorg1970,257,87,95
tigda,1,0,0
Zyrek,52,26,18
Adamjot,46,22,2
lavi58,286,198,102
BirlitW,1,0,0
viaggiatr...,487,180,263
"Jorg  M",2,0,0
"Aniel U",24,5,4
janmp89,26,6,13
"anto s",9,9,0
"Marcin D",20,16,8
"Damaris L",128,54,52
Brzozap,7,5,4
Leo77li,28,22,4
Agniees,1,0,0
Melanie-P...,7,6,3
Catarzina,2,0,2
"Lea C",5,5,2
"Laura R",21,15,21
erman77,39,20,27
Roxing75,344,216,96
"M M",136,78,33
Sebastien...,38,34,14
bcha2014,9,9,8
Christian...,62,37,56
"anna q",3,0,5
"Itziar B",9,3,3
"enza  s",9,8,9
Qazx11,90,78,132
luca8270,4,0,0
pstiva,1848,1374,1989
Barbor201...,1,0,0
Meuwka,2,0,1
"luca p",54,36,24
Bogumia...,10,4,3
"Ralph B",296,205,120
Bmbr2014,27,20,13
"Ja C",30,22,16
DC-3Viato...,271,63,110
kurthoeg,78,30,21
Mkot122,2,0,3
"Maciej M",2,0,0
Anastasia...,184,46,129
k-antony,15,4,8
Luca_Tell...,64,42,36
Misza81,4,4,7
Empoli_FI...,10,9,4
Ali610,41,25,23
midsummer,22,10,32
"Peter B",13,10,5
Kallejar,4,3,1
"Marit E",2,0,1
hoggite,4,3,1
AndyCove,98,56,54
SiriWT,52,14,26
alicia01986,3,3,0
Kristiangrill,21,18,12
Rolness,13,8,5
"Mustafa H",5,0,2
"Emily D",15,13,7
Vigdis-John,24,16,17
"Esteban F",52,40,4
Kingoftheslums,303,159,288
"MARK J",94,24,94
"Michelle M",62,35,28
"Andy M",20,12,6
YoungNorwegian,61,58,15
robertf50,60,22,52
aandr38,59,28,30
"Zosia D",4,0,0
"Blerta D",20,9,0
"Natalia D",18,0,10
"Anders G",4,0,6
andy_scot_uk,211,102,192
SO39London,15,4,19
"Gabriel K",54,42,9
ThomasAlcock,66,38,52
michaeld32,27,17,13
Nieminen,36,8,27
golondrina2010,4,0,4
MarkoFin,16,10,10
"Piotr G",145,72,72
"Tony P",68,32,22
"Eva B",122,97,55
JeannethN,44,22,26
Tizzyanne,7,3,5
phillystravels,226,90,180
PaulStrobl,58,30,34
panzer76,300,204,180
"Perttu V",40,30,8
EwaGdansk_Poland,2,0,0
Tiny17,26,16,16
christiano_10,502,78,250
Papito1,127,42,90
Yauheni19...,7,6,0
tourist60...,12,4,0
maksymaln...,12,6,10
BarOrs,1,0,1
Vitalina...,29,14,19
Lene85_No...,8,0,4
elotiruri...,1,0,0
ptaskde,111,51,42
resande91,24,20,0
Sivkarinr,11,4,0
Looff,10,7,8
"Kay B",2,0,0
"David W",12,0,3
"Heidi N",2,0,0
Duppsko,36,27,27
"camilla k",39,16,8
"Marek T",2,0,0
"Fabio C",30,25,16
"Lorenzo Q",30,24,12
"Bartek K",5,3,0
Josefina...,13,11,5
thomasnor...,40,26,0
"Ola S",24,9,1
"Joanna T",3,3,1
"Cecilia N",33,24,3
"Ingemar F",50,28,4
"Kasia G",4,0,2
"Po P",5,5,1
Radosaw...,26,10,9
JorgenNor...,9,6,2
876betty,94,28,22
funnylike...,54,45,15
"Maciej P",5,5,0
Martin_OJ...,6,0,2
druga_str...,10,10,4
"Maria W",1,0,1
"Robert S",2,0,0
"Lillian O",1,0,0
"Ewa K",24,12,24
"Tonny C",12,0,1
"Kamila C",1,0,0
ruudex,6,6,0
"Bozena Z",1,0,0
"Juuso H",2,0,1
Salikatt,111,66,129
sabina795,32,21,15
Maria201C,18,18,12
KaraMaszk...,10,6,8
AnnaReett...,14,8,12
"Patryk K",43,8,31
2ale2,29,16,24
violkaa,18,14,18
hhhxxx,28,28,36
Szylusia,12,4,2
"Sara J",147,60,33
MONIKAOK,2,0,0
kajamozej...,28,12,10
"Hanna R",28,16,20
Dimsch,10,6,2
"Erik A",1,0,1
Cathrine...,6,6,2
RudejRodz...,11,8,2
Kodziu,70,52,86
Veronika...,2,0,0
"Marcin R",9,0,8
"Dorota P",42,38,6
"Tomas K",60,51,12
"Mona M",36,20,28
cassandra...,7,6,0
Kati_Siar...,31,28,11
"Piotr W",35,18,32
alenabul,30,13,19
Stehell,212,116,28
"Stig J",32,16,12
"Dmitry M",8,5,1
DorotaDor...,10,10,0
Svetlana4...,54,11,14
hanspivar,6,3,2
"Marco M",28,19,13
"Filip S",2,0,1
Mariaiyst...,2,0,1
Merete123,58,40,22
"Gosia J",30,30,6
Eggeskall...,48,28,26
"Rickard S",5,4,0
Inahj,11,10,6
"Maciej B",74,48,14
Matte34,21,21,9
Raav92,5,3,1
"raven r",21,8,6
"Kasia P",1,0,1
"Zbyszek K",6,0,2
amop60,5,5,2
"Karolina F",32,30,2
"Amy R",64,38,30
"Sebastian G",5,0,1
Ingridki,2,0,1
DorotkaSz...,1,0,0
"Kamila S",1,0,0
woz_z_weg...,3,3,0
peppietom...,18,9,15
Krystek_1...,3,0,5
"Bo B",7,7,3
Karolina1...,48,40,0
YotDe,4,4,1
Vazelsky,17,4,16
Elineri,13,9,3
"Marzena S",2,0,0
Margaryta...,2,0,0
"Hakki F",1,0,0
"Kamil B",5,3,2
hypnotyze...,2,0,1
"Marcin N",1,0,0
"Anna B",4,3,0
Jarek_Gda...,35,13,11
Agusia86,7,0,6
"Marusia K",1,0,0
bartek_p7,1,0,0
MagdaTy,12,12,0
684avatar,1,0,2
Pawel_loo...,1,0,0
kebab2015,1,0,0
"Asia C",1,0,0
"Szat M",1,0,0
Tunezejcz...,1,0,0
buzuntolkmicko,1,0,0
dylannever,936,714,660
baranek12...,54,45,6
45anetap,105,95,20
martamard...,46,18,15
"Bodzia W",1,0,0
eljacol,3,0,0
izabela_r...,5,0,0
"Marta G",1,0,0
Krolik81,1,0,0
Marcinpol...,1,0,0
"Bartek Z",14,14,4
Tatiana_G...,4,0,3
qrt0,1,0,0
MariuszLu...,1,0,2
kasela123,1,0,1
Lola_9090,1,0,0
"Ania M",54,21,18
"Daniel K",71,29,76
WalterMHalifaxUK,544,348,256
"Hege S",36,30,12
"Mark I",16,10,3
Alias_Me2406,2,0,1
"Stine V",1,0,0
mblomb,176,14,22
nanotesi,11,6,7
svharkes,975,459,585
"Jan Erik P",3,3,0
"Alice P",68,39,20
"Marius S",24,18,9
avsm,1276,608,812
PeteA74,12,3,8
JeLundgren,308,144,237
Reserskan,18,8,2
kantzupy,1,0,1
URLikirin...,30,14,14
"Stena O",1,0,0
paweldoma...,1,0,0
Marioviag...,379,169,262
Anne_Mari...,18,6,0
"ukasz O",62,54,14
Fabrizio...,50,42,8
Qubis,47,14,25
Sailor009,3,0,1
"Karol P",1,0,0
"Maria P",18,18,4
Wlodzimie...,4,0,6
"Jolanta K",1,0,1
lhotse198...,1,0,1
"Renata B",1,0,2
MSC809,11,8,7
kamilosky,1,0,0
Jarood,1,0,0
nawra2911,24,14,12
Katharina...,56,13,30
Olegkd,141,85,82
PEPcph,78,60,127
yreal,6,0,1
Y0rochelle,19,15,6
bhhandel,90,26,70
"Benedikt B",19,16,4
"Laura N",15,0,16
"Shanie D",23,3,24
sjshrews,80,30,66
"Alexandra J",11,11,0
ddude,72,52,40
"Carlos M",1,0,0
"Vegard G",6,3,3
yvonnee1968,96,52,120
HanneMuff,10,7,0
"Line H",1,0,0
Deejayhypno,3,0,0
Polymath61,7,3,5
"Sharon F",46,22,6
angicarson,8,3,6
HKimi,2,0,1
"Andy H",21,15,9
JohnnyViburnum,7,4,1
villekee,1,0,0
GREAT_REVIEWS_EIRE,64,46,34
Foxinnsocks,22,10,0
"Tron O",29,19,18
"Marek F",1,0,0
"Przemyslaw O",36,21,3
Sandralesund_Norge,10,10,4
Giu1644,15,9,0
outofspace_pl,108,52,12
"Dmitry G",10,7,6
"Jakub K",12,6,2
MaCharAm,52,38,12
"Iryna G",68,56,20
"Amy B",33,25,17
"Timo K",14,10,1
"Rui C",9,3,1
Marcin85,10,6,18
"Claire D",10,5,4
GeirPaaEg,432,212,308
Alex70,36,12,29
RhysBev,48,36,48
oss2_12,51,27,24
Michael_Zh85,42,26,12
Grzegorz_Dymon,3,0,2
dru989,135,67,41
"Rob M",26,10,22
"Dawn F",8,0,4
"Larry S",2,0,0
UKTraveller85,20,4,19
NikM74,6,4,3
"Aleks U",24,22,28
"John D",50,32,48
"Steinar E",28,17,12
"Kenneth S",5,0,1
stex22,1,0,0
Dazzle40,5,0,9
offtoOzsoon,1,0,0
"Niki V",4,0,0
"Steve S",28,21,31
"Johan E",39,24,15
StavangerKris,23,10,19
howmuchfurtherisit,47,40,27
84daz,16,11,10
"Anna J",23,4,14
MartinLV,119,45,41
"Dimitry O",148,73,86
alojzy,40,24,68
Arn62,90,60,56
"Gunnhild A",10,6,3
"sarah j",57,54,54
"Thomas B",45,36,75
branca90,204,72,92
"Thomas P",21,16,3
petterpitlepytt,43,17,15
"David P",3,0,1
"Kevin C",52,26,32
Andreas_Fl_HH,5,3,2
sebge2,10,8,3
"Victor P",25,7,8
"Batuhan G",60,38,20
S-gronvold,12,8,4
"Rob N",112,102,67
"Mitchell H",48,44,16
"Christian C",1,0,0
"Constantine M",5,0,2
Conan85,18,6,40
melbarUk,13,3,5
Maya_K25,22,8,18
AJCG,667,353,374
"evelyn k",8,0,3
Waddler,5,1065,2395
Mscaptcat,3,0,0
Norwegian_visit,12,9,10
muhkuh77,103,47,46
JohnandKathyR,62,14,29
"Jerome A",120,60,81
Gmichael315,58,18,40
BandKath,108,72,86
"Kym B",14,8,2
"Ian G",55,25,41
AdrianAbram,81,27,24
Alekos84,5,3,0
Kokosowo,202,54,74
HerrPeril,9,5,2
colche,57,45,28
"Peter M",1,0,0
"Izzy P",3,0,3
Omartin78_Bergen,24,20,20
airedale_travellers,294,93,312
Joannalovespizza,13,13,3
SylwiaLas,9,7,5
mousepig,8,4,5
chopper7,41,22,7
Gibboo80,1,0,0
Brit_Abroad13,34,18,8
Dagyar,25,3,25
FrostyNorwich,7,3,2
unkindest,4,4,11
ESparko,28,24,16
grahamfin,260,160,96
Sniplet,112,55,38
redhenry,220,108,168
Llew22,16,6,6
"Tim M",113,50,68
sl1011,4,4,3
captaind172,40,19,18
Lorentzen,51,40,16
VegasPokey,52,30,26
"Hanna D",66,56,42
"Ralf  L",3,0,0
jmscarnei...,1,0,0
"Mirek W",3,3,0
Halterner...,88,25,40
Sorumsand,15,6,14
Yacheslav...,2,0,1
"Polina S",26,10,6
"Monika L",30,27,0
alejandro...,23,17,12
J0stein,88,28,12
LeoRocca,138,78,34
"Danuta S",2,0,1
patkupatk...,1,0,0
"Myriam A",5,0,1
Daniele18...,270,148,254
"Lasse R",86,61,14
"Bla B",8,7,1
"Kuba P",2,0,1
ChrisWaus...,1,0,0
Wika2046,21,21,1
"Paluch P",3,3,0
"Micha P",10,10,2
"Michal S",9,9,0
senseless...,29,14,4
"Dagmar B",8,4,0
"Jarle H",2,0,0
Heidi_tur...,9,6,2
"Andreas R",7,0,6
"Susanne K",1,0,0
nico218,41,37,25
nikasi,48,40,25
"Joanna K",10,9,8
pawellato...,4,0,0
"Urszula W",3,3,5
"Dag R",6,6,0
"Aina F",30,21,12
"Marco C",44,32,14
TrineIS,90,30,36
PawelMetD,21,6,14
"Kjetil S",16,12,8
"Sari H",14,8,6
olawr,165,110,20
emerin,12,9,6
"Ania T",5,0,2
KluKrakow,3,0,1
"Kamil K",10,6,6
Jlodz,26,5,27
Cornelia...,22,15,7
"Maciek R",13,10,8
"Andrzej K",16,14,4
"Marvin S",4,3,0
"Wojtek K",16,14,2
"Billy N",65,40,15
"Martin L",21,13,7
"Filippo B",9,6,5
"Adam B",2,0,1
"Artur N",1,0,1
Przemysla...,1,0,0
riccardo9...,38,8,2
"Dennis R",26,17,18
MSfoodie8...,15,15,3
"Siri Linn...",9,6,4
"Leif J",1,0,0
Charlotte...,4,4,2
edytabm,3,0,4
Mrozu1979,150,45,23
royar84,6,0,2
meld-dich...,26,19,9
"Dmitry S",3,0,4
Masamaini...,7,0,2
"Mariana B",6,0,0
abtbStock...,120,60,36
Flycoupel,6,6,0
sloveri,28,8,4
"Inda K",1,0,0
hajjal,24,16,24
"MAJA M",5,0,2
"Paulina B",10,10,2
MARTINEX4,27,27,16
Burger_ru...,4,0,0
"Milan S",4,0,1
martynar2...,7,6,3
Owsian,38,34,14
"Chris C",19,8,18
Krzysiek...,3,0,5
TimMosby,1,0,0
"Julia A",5,5,7
"Nadine B",64,18,20
"Felix J",302,111,282
Stefaniao...,10,9,10
"Rafa B",1,0,0
"Sven N",10,8,2
Cristian...,3,3,1
AleCleofe,42,36,34
MARCOVALE...,19,16,5
"Andrea s",8,8,1
"Piotr X",1,0,1
Dukege,360,261,87
Xian81,4,4,1
"Kristin R",7,6,5
Eddajans,1,0,0
"Steffek L",12,8,2
IngerMykl...,22,12,16
nicolina2...,16,14,4
smkosz,1,0,1
"Alicja Z",34,32,24
Aasjord,10,8,5
adamst6,9,6,12
"Johnny L",8,7,4
hildeskov...,170,92,36
Per-Aage,29,12,45
St_phanie...,35,23,21
"Yannick S",6,0,2
Weephouse...,2,0,3
"Daniel J",3,0,5
SteffieBD...,1,0,0
"Elin B",27,24,6
"Raffaele A",33,22,28
Andersoen,4,4,0
"Paul J",139,45,55
"Aga C",46,18,14
Maykello,51,27,6
"SN K",4,4,0
"Rafa S",2,0,0
"Ian A",52,24,16
Ewelina_Lena,54,32,27
michmarta,96,54,58
"John T",24,10,6
missdiver,23,13,26
datlanger,14,8,14
danutka111,3,0,2
Retzenzent,74,44,34
ZuZuWa,62,37,6
HappyGallavanter,3,0,2
"Ekaterina W",30,21,4
"Line D",20,18,2
BeateDonegalTown,54,40,38
"Kasia S",41,23,30
"Agnes S",38,19,31
martikstv,15,9,3
Ciurka,146,50,42
flukkytom,13,0,4
"Petra A",6,3,2
"Marta W",31,6,24
ViolaM62,28,18,2
kaledonia...,6,3,0
Basti_war...,28,22,0
Viajeros...,30,12,2
MiraMira6...,1,0,0
Elmira23,132,72,22
"Przemek P",16,8,7
bmvoyager,1,0,0
"Lukasz B",2,0,0
"Damian Ma...",28,14,2
"Izabela B",22,9,5
mbbober,62,26,33
philippe...,10,9,2
"Noe M",10,8,1
Panna_Koz...,1,0,0
Grzesiek...,3,0,0
KacperJCQ,3,3,0
"Jolanta N",57,46,17
nmfel,11,6,6
"Emilia W",23,4,13
BearFC,52,24,10
"Seba K",15,14,4
Tomaszek1,2,0,1
zankakom,9,6,3
alasien,5,5,2
Tangerine...,7,6,0
Alexander...,478,193,242
"Jakub W",5,5,2
GabraF,2,0,1
mimimi_20...,9,6,2
valiks2,556,222,130
WojtekTT,104,60,14
"Andrzej R",41,22,19
EdewechtK...,90,36,28
Andreas_F...,5,3,2
"Karol W",3,0,2
tupolev_m...,42,21,12
Snjeza101...,171,63,12
halina_hy...,59,17,26
KasiaG197...,23,7,8
"Svein S",50,20,12
"Darek L",27,11,5
"Patryk D",6,4,9
"Stefan N",6,6,8
magzy63,3,3,0
Anna_Shm,4,3,2
OsmarVald...,4,0,3
Lord_Dehf,154,16,46
"Monika G",24,4,13
"Adamo G",28,28,0
mario_s19...,255,180,66
MarieStacey,15,10,6
MaggieSychta,30,16,16
irenkagermany,46,5,68
TomekJD,111,69,18
freakmathers,36,6,44
epurella,12,3,2
"Arnold M",19,5,8
MagaGatz,9,6,0
Vio177,54,28,4
191pola,12,12,24
"Natalia O",4,3,0
vermilion...,2,0,0
sadooo86,1,0,1
"Jarek P",41,23,16
mikszo,22,20,0
"Jerzy K",45,39,16
mokwik,9,0,4
"Ola W",12,11,6
culichia,2,0,0
MarcelOslo,44,15,22
iwona11660,18,11,2
"Marco Manuel B",3,3,0
"Miikka H",19,10,3
Beata_B,26,14,2
francimate,17,17,10
"Andrew S",31,15,13
FELIXTSANG,92,30,15
HannaGolinska,12,12,0
"Sami P",11,5,3
gatorboyOrlando_FL,532,218,338
Terryball,111,27,42
Jmazew,22,6,12
BobBK9,105,78,33
Tomasz_Warsaw,63,27,41
DonVito1,3,0,1
Mulinio,3,3,0
"Iveta B",4,0,1
CarlosBas,2,0,0
OliAga,21,15,15
Inthebook,20,5,17
"A N",234,138,130
T0urist7,161,47,85
KincsZoltan,358,92,392
hesy,270,126,153
magducha79,8,0,6
AdrianDamian,48,20,29
Shep_The_Captain,21,7,8
KKSierra,16,6,13
Stefdida,61,60,13
"Kuba K",20,12,5
"Przemek G",279,150,144
Timppa321,40,18,14
Paulie_70,24,9,17
Idan81,8,3,4
Chokk,511,272,188
"P R",74,48,42
fennomaani,14,10,8
"Jolita J",2,0,0
"Ligia F",23,6,10
ruda_ms,58,44,18
XCrun12345,180,80,78
Marcy626,120,58,112
jpolayes,100,50,44
AbeTs,146,114,74
Travellernorway59,4,0,0
treyatkins,7,5,5
CodeBoy_2014,1,0,0
twopedals,17,9,5
cherryplumUk,69,35,46
tonyhopper,13,3,14
aaaa2709,34,10,48
Rich8488,1,0,0
shorttriptraveller,168,58,102
"Clive J",44,22,38
skifast06,6,0,28
Piotrul,453,118,142
Shebbas,330,183,108
Where_II,103,40,48
DavidP59,134,72,72
Poli_81,26,14,10
"Reijo S",12,11,2
Adrienn3,35,18,13
K260581,47,24,16
lufa,192,96,188
"Jim T",99,27,42
North99,5,3,2
Singababe,31,0,19
Grregg_S,150,56,104
AnnP55,29,18,21
MandJNottingham,226,134,126
"Acke E",1,0,0
bergenmann,72,41,31
Amigoucieka,81,38,63
mkks1,306,144,342
andorsworld,181,72,67
sp_tripfan,25,13,17
xandrator,107,51,72
Vald78,32,10,40
Ooloncha,19,14,9
Elizabeth_H_1972,22,22,12
mrbernz,12,6,5
GisleBjo,19,6,6
"John B",1,0,0
"Eric S",3,0,0
Bartos999,70,28,29
Stiini,25,7,28
pol81,118,102,72
Laser8London,140,64,62
M0nika1,10,0,6
TravelSneak,141,43,158
FlyverFrb,6,6,1
jKrakow,140,94,80
Premolicious,52,18,46
"Magorzata B",478,280,260
KA_and_MA,33,13,34
Wishnia,6,6,5
"Dylan O",6,5,7
"Wojtek S",45,21,43
PBushell,69,35,36
lorisama,33,33,5
freqtravmuc,118,11,134
sketo79,16,11,11
"Joanna S",45,17,22
harmonie,436,256,318
Random19845,16,6,28
Artic_surfer,4,0,3
novakc,94,49,58
"Sissel N",12,0,0
Witsawagorn,53,28,58
bagg10,151,82,59
Anna_France-Poland,64,36,32
ViktoriaKD,8,3,5
laserkid,648,357,390
geeteeski,274,145,160
jkaetzler,11,3,13
ketepasa,61,40,29
2BReisen,45,22,29
Gwyneth006_8,168,100,100
PukkaSahib,224,144,206
"Edward T",204,38,202
MiaG,146,80,282
travelingbarb2-2,408,180,294
JPSaltee,10,7,20
Marek17,30,14,48
Hikari_PL,9,5,2
EirikandNoelia,12,4,16
Garzagul,240,154,101
R0ggs,2,0,14
Em_cupcake,15,9,27
worldecho,80,48,94
Tom_Slick_001,95,50,41
sgud,75,40,31
"Maciek  B",6,0,0
21MagdaLe...,1,0,0
Vittorio...,50,27,12
"Irene J",9,9,3
"Norbert N",10,10,6
BrewTOUR1,11,8,3
NataliaNa...,32,5,34
"Torill An...",33,20,20
"Mariana F",1,0,0
MilleLisa,206,72,68
"yo f",2,0,0
ZuZhanna,34,25,21
gkbs,9,8,11
"Oriana D",5,3,1
"Patrick K",144,94,134
Viquita,5,4,2
"giulia p",2,0,0
Norbert19...,126,57,204
marcopolo...,104,42,38
Giojus,32,30,6
Gianluca...,5,5,1
reisender...,228,154,130
"Sergio O",21,7,2
Dreszcz,7,3,3
"Karin L",34,14,6
W_SZCZ,12,10,4
"Finn O",27,27,6
Barbara_D...,303,207,111
Malraux,301,54,160
"Tobias b",40,23,6
Vyachesla...,2,0,0
jesz_szwe...,1,0,4
Phil_Mary...,30,18,15
Brynhild...,32,8,6
"Jutta B",183,92,35
96momo,14,0,4
Artsartur,240,140,70
robertofa...,374,196,272
EvaLHorte...,62,26,14
NorbertN...,9,9,6
"Konrad O",7,4,2
"Anna O",2,0,4
"Antoine B",3,0,2
"Szymon S",36,5,14
Thomas150...,40,34,16
"Felipe R",20,10,4
"Rafa  S",4,4,1
Bartcort,36,28,30
"Per K",2,0,2
"Przemek S",126,46,90
"Carsten L",48,28,8
FelixStei...,63,45,20
"Yulia S",2,0,0
OFFens,26,14,9
"Long L",1,0,0
ReneFFM,155,85,80
"Benny J",23,17,6
Nikky1,403,223,143
Wojtek369...,56,26,13
AdwokatZ,85,22,32
"Iwona W",28,12,22
"Michal Z",17,6,9
"Eva S",1,0,0
24890,81,34,56
"Merete L",18,8,16
"Pavel L",172,124,45
"Willy F",19,7,10
Anemon200...,302,130,146
Auko,1,0,0
drstevie...,96,96,56
"Dariusz M",41,31,21
"ulrich k",30,24,4
Courtmang...,64,31,25
MonikaGda...,22,14,0
kristian4...,105,57,15
ArtiRah,17,16,23
"marcin g",316,140,120
"Massimo P",5,4,1
GerhardLi...,81,34,64
MartaKucz...,2,0,2
franca040,182,68,52
Ursus123,78,32,16
"Wolf i",12,0,7
OlegPe,67,44,25
Goril-sv,60,45,18
sapa656,67,51,123
"Bernard B",54,42,24
macgarinh...,1,0,0
"Wojtek N",17,16,2
Zouzou26,23,12,21
444oxana,1,0,1
Florence...,92,34,38
B777Romag...,145,79,56
IzabelaK,16,5,22
"Ronald W",72,18,30
ViennaLVa...,160,60,102
"Silje H",54,36,26
"Reme C",32,14,17
"Lucy T",2,0,1
Arczibald...,3,3,3
K_Yakovle...,7,7,14
viaggio51,333,228,267
Riccardo1...,202,146,61
garax,79,28,103
"Marcin Z",30,18,24
Qulcia,36,8,36
"Havard P",4,3,0
Soracte,1964,1028,1024
"Udo P",35,15,33
KonradLef...,4,4,1
Michael-M...,13,5,11
Randi79,6,4,0
Toscana20...,53,50,47
DOra6_6_1...,59,12,35
"Tommaso B",27,21,26
Viaggiare...,178,118,108
Andreachi...,3,0,1
"pawel w",1,0,1
neuro54,19,8,9
Ramino953,23,11,7
Javierhot,50,33,20
Fabbietto...,58,33,41
andyven,244,145,141
AnnaBG123,7,4,6
doktordod,63,32,39
Alexandra...,1,0,0
20-Jan,118,51,52
"Radek Z",68,29,90
Bredo47,26,18,18
Marguerit...,38,32,13
MatteoBia...,18,8,8
wykjx,48,32,18
clagiovy,31,24,15
helt1,69,34,45
voyager02...,157,36,80
ayutthaya...,164,39,66
Berntc,2,0,5
Moselgour...,24,13,25
lenchen06,148,63,46
luckb,64,40,36
krustikas,87,25,60
intrepid...,107,27,77
Andy_Jodel,2,0,0
Pioter_A,7,3,2
FUJIWARA...,1,0,1
kneg1972,1,0,2
Dzoanagda,1,0,0
"Geralt P",1,0,0
dj_Wikta,4,4,1
ankakubus,1,0,0
zsmykowsk...,1,0,0
"Denis T",25,14,14
MoabA1,1,0,0
barnabar5...,1,0,0
"Barteck V",4,4,1
Mario790,58,24,16
"Jody O",1,0,0
"Sara N",1,0,0
"Ania H",69,24,28
Dag1973,3,0,1
"Alex M",10,8,7
JQHANNES1,18,15,3
xashleylouisex,1,0,2
StellaMoss,12,8,0
"Mona L",18,11,9
"Roald G",4,0,0
Habiba23,3,0,2
"Cez W",1,0,0
"Trygve W",8,7,7
AdventureExplorer,66,18,41
Barb_J_V,7,3,4
mlinh,28,10,43
KKSwiss,5,5,2
Minttuinen,26,7,16
Ellion2010,46,25,24
Pavel407,47,28,28
Klaudiusz...,64,22,6
Harsko,186,57,39
Giampiero...,2,0,0
edwlun,4,4,0
"lukasz l",1,0,0
"Geoig G",1,0,0
ankaskaka...,8,7,1
Danielava...,6,3,2
EDYTA123,90,26,170
"ukasz M",30,16,15
Franmor,21,10,6
titano_19...,9,6,6
"Milos V",45,18,9
edytaaa20...,3,3,0
"Darek G",4,0,0
K_Qunka,3,0,0
Francesco...,3,3,2
Paulowicz...,3,0,1
MartasTra...,2,0,0
KamilKite,3,0,3
274725Krz...,32,20,18
jorgen_lo...,4,3,1
"Aneta T",1,0,0
agakonkol,12,6,10
"Igor R",4,0,3
Torfinn77,7,3,2
The_Dude_1971,33,19,4
"Nora B",12,8,2
Kyrre73,27,17,1
kaagre,66,18,18
Ingermerete49,5,5,0
"Jon N",1,0,0
"Jonathan M",24,16,2
"Chan H",24,12,12
2013AARP,26,8,4
"Duncan M",55,15,19
jelle_caroline,61,32,14
renateeik,38,18,10
"Thor U",8,0,2
Jolanta1954,2,0,1
debbieconsett,52,30,7
"Grahame R",31,12,25
"Birgitte L",11,10,0
"Luis T",12,5,6
Miusen88,20,14,4
OlekMali,18,15,2
andersl687,133,70,25
bsbwife,16,3,10
OrjanLavik,34,17,9
"Haifa A",20,13,8
"Stefan B",3,0,1
"Nathalie E",6,3,1
"Satu V",2,0,0
"Maguder D",150,41,113
"Joakim E",4,0,4
"Sara G",2,0,0
mkhki,42,24,10
Pal,1,0,0
"Havard K",3,0,1
nsacky,266,192,92
"Sophie T",6,6,0
LukHel,38,25,25
"Jesper W",15,9,0
"Mindfit T",7,6,4
Stistens,58,20,20
misterig,920,464,808
idamaris,14,10,6
"alan s",6,3,1
SESNoVA,266,148,102
Jasper20,121,39,80
"Jerry M",82,37,23
"Rav V",8,3,11
"Bjrn K",14,14,5
VidarNilsen,146,60,39
MargosiaPL,34,6,36
Cistern64,12,11,2
"Sophie M",1,0,0
"Werner J",15,12,2
"mark b",40,31,8
"Jesse T",6,6,2
Ziljah,20,14,4
"Nikodem W",1,0,6
"Susan J",40,20,8
"Eirik A",23,14,13
"Marita R",7,3,3
Berit57,170,76,84
Autofilo,63,45,21
tiaNorway,188,98,92
"May Hilde F",5,3,1
MaidenOfMoons,15,5,14
Gwen_BE,572,232,204
"Robert R",18,10,4
YorkieYorks,7,0,8
"Jim K",12,7,4
"Sarah L",48,26,20
"Ruy R",11,8,5
"eivind p",22,20,26
"Lillian P",3,0,0
mejamor,19,6,21
Ruttet,4,3,4
S_PWilmington_Kent,84,21,57
Coops7777,4,0,0
MrMark87,5,3,1
BjornInge_1978,13,4,4
"Torbjrn L",8,4,3
BethanyLincs,50,28,22
Sartsa72,8,7,2
"Jon R",116,26,34
"Stephanie Y",20,7,8
"Cathy W",61,19,41
"Cindy B",3,0,2
"Heidi Christine O",19,16,4
Vsevolod,11,5,7
helbili,20,8,7
geoffreyg743,14,6,9
AgniesL,3,0,0
Toni_Br,18,7,7
AnaDeNoruega,41,6,30
bonehead4,57,25,16
Leon043,564,280,988
"19291982 .",1,0,1
wujek102,1,0,0
grzeraf,1,0,0
MissLid,83,40,56
Skhyperion,25,7,34
Rick049,836,350,870
Spanneredmonkey,22,18,10
Norwaycouple222,34,9,16
THEAPPRENTICELONDON,118,50,59
"Stian E",9,8,2
CarolWestSussex,213,86,88
Roffee,34,10,21
"Lydia W",15,5,14
rdolsen,5,4,0
"Stephen C",166,102,90
ClaraG83,84,57,39
"Eric R",49,29,33
ze_german_2002,37,18,13
Norway5050,59,29,22
EileenD3,14,12,10
praguevisit,9,3,9
keithrevenge,314,192,588
Duncountin,47,17,35
Ndowsi,66,30,60
"Jatta S",2,0,2
flinxUK,50,8,53
helstravels,1044,420,663
dancinggoats,123,73,52
"Ray O",23,6,26
"Olga S",28,24,14
isoniko,6,3,0
PaulHell,118,66,41
TheLocalLeader,8,4,5
AndrewM4UK,32,25,14
gbellDX,87,54,47
Jhensh21,5,3,6
Kjellhoiseth,5,4,1
"Anne R",26,18,24
"olanda o",1,0,0
Vibekeee,44,25,22
"Stein H",28,15,33
Laggeman,51,19,24
"Rita P",122,66,80
kuokkalaman,6,4,3
LIwIX,1,0,0
Luba49,11,5,1
uveym,9,0,2
Highlander188,13,6,5
"Lois B",59,30,25
Ellviss2,14,8,1
polenturist,14,7,6
Sharls,34,0,12
Tabby42,18,11,9
millacilla,29,9,21
JanBa,37,18,49
Kalasers,16,13,1
fantasticv0yage,148,76,141
powerrose,35,12,57
V111CJN,10,6,6
Moonlighter88,138,98,80
jkgort,28,17,14
"Cian K",4,3,7
walhaul,4,3,0
natoshka,8,6,0
"denise c",8,0,6
TVTravelerHaugesund,30,10,12
knutmosk,110,73,67
ChrisPach,7,6,7
benaboo,30,8,13
43Becko,109,31,77
ajd87,29,10,22
SiriSandnes_Norway,26,9,19
kajo189868,69,28,50
Pidge83,28,10,25
camasgirl1,12,6,8
xteen,21,3,29
tmsglc,500,244,224
"Robin R",244,75,210
SherburnLil,71,16,38
Asterix66,23,9,8
LindbergLimhamn,84,35,36
jo-dr,116,58,92
"Ales R",27,0,7
"Linda B",14,9,9
harza,35,7,23
"Ivan A",63,39,11
"Esther Ma...",19,13,5
Travel_20...,32,16,40
186rasmus...,3,0,0
434aghad,96,45,24
Irene785,69,30,18
"Jan L",4,0,0
Svends99,4,3,0
"Roger N",3,0,0
Florian18...,14,4,3
AndGla,10,3,4
"Jorunn R",92,42,8
JanogInge...,5,0,1
Lickitle,6,4,1
Elisabet...,1,0,0
"Inger N",7,3,0
"Per O",3,0,1
"Michiel Q",30,7,2
DDM66,118,58,8
Grye2013,10,5,3
Oslomanne...,8,0,0
Hotlegs45,22,14,2
"Linda M",75,9,34
GretheHor...,14,8,16
TIH766,10,3,3
"and w",10,10,0
marek1961,5,0,1
cinzia_ex...,279,137,108
cynthia76,146,92,96
IngerAnit...,5,3,0
"Hege E",2,0,0
hpdousma,4,4,2
MonicaEir...,2,0,1
Angelica...,23,7,20
MagneFalk,4,0,2
abbaV_ste...,9,3,2
"Roy P",40,16,28
"Kim F",2,0,2
"Kuba G",9,9,4
Alpenbitt...,82,48,52
"Jenny N",2,0,0
SveinOtto,8,0,0
"Silje A",13,10,6
Sommer-Ur...,1,0,2
ArildOgAn...,26,18,10
TorgnyW,74,40,38
"Nina B",5,0,1
"Leif Henr...",21,19,7
"Stephan B",280,186,118
Petter729,60,26,6
"Tina Kris...",10,7,1
c-horse_n...,38,8,27
ElluJ,164,80,48
"Ketil J",34,20,24
"Stian S",96,24,32
600Beth,12,10,0
Solveigeg...,2,0,0
anMart0n,60,38,6
marimarif...,10,10,6
vebsja,20,12,24
mortyblac...,14,10,0
"Lars Gunn...",1,0,0
"Kine L",30,24,3
180Lola,2,0,1
Kristina...,44,31,16
Heidithef...,1,0,0
sveinerik...,3,0,0
GerdundTi...,28,6,2
"Bjarne W",17,11,12
KnutP2,6,0,2
"Jerzy S",75,34,62
treklang,53,40,12
Hans-Joac...,20,13,11
Karianne5...,6,0,8
"Marek R",12,0,2
Churrys15,5,4,4
"Elling S",10,6,0
"Dom Jaime...",26,8,2
AlexDHG,28,9,4
"Sylvia P",7,4,0
Docent195...,23,7,6
"Morten U",220,156,54
"Monica M",6,5,1
"Bjrn U",1,0,0
"Beata S",9,3,12
Pappinho,52,36,3
"Jan F",5,0,0
Roelie357,27,4,2
nerix,234,164,92
lucaheat,1170,470,262
"Aida A",2,0,0
Skuffet_1...,57,12,21
"Saga W",46,13,17
Carrr,7,6,4
"Emilia K",1,0,0
"Rudy B",4,3,0
"Svein Tor...",8,0,0
Fetiny,10,5,9
gunsteins...,2,0,2
"Galina S",5,5,1
"Fredrik D",2,0,0
willtelly...,31,17,10
"Ann L",15,7,10
"Jakob N",8,5,2
"Bjrnar H",29,10,22
Siri70,6,3,0
62JPJ,122,72,44
"Jon Morte...",342,198,42
"Stig Rau...",7,5,1
"Mieke S",15,8,2
AnjaJ74,3,0,1
"Merete R",12,12,3
Svenno89,1,0,0
"Morten R",17,12,7
"Stig S",1,0,2
frekar,4,0,3
tl5Trondh...,26,14,20
NinaSaki,76,47,18
HannesK24...,48,12,24
Eleonora...,32,22,8
MerDag,57,30,19
"Johan G",23,11,3
"Julie V",8,6,0
agatkaP85,30,11,13
"Nik N",11,0,6
"Dan L",2,0,0
DerekZ_10,2,0,1
"Kari S",248,178,50
Christer...,9,0,3
Grete74,11,8,5
"Einar S",10,10,2
"Ewa L",3,0,3
"Jan M",19,13,1
Austrian_Traveller10,47,28,27
0SL0,7,5,7
siirin2014,6,3,0
gosiasia,85,55,30
818larsb,10,8,2
RonjaBjor,4,0,1
MarcinDrP,84,46,34
Glynnhouse,31,5,16
Girl_in_Warsaw,4,4,1
"Maciej K",4,4,2
Young_Andy,15,5,68
donphilipo,42,17,29
AndisMoss,62,16,38
EAnnikaR,8,5,9
melieann,13,9,15
birgittaqf,26,16,6
"Barbara R",1,0,0
JHHNeander,48,18,22
briard1,48,28,22
Annewaswatt,13,6,9
Krummhorn,9,5,8
"Ian M",3,0,11
AH1954,44,40,34
Anne15,40,16,30
CRAIG_BRI,2,0,0
"Ed C",19,11,11
Lady9147,12,5,11
haddajoh,7,0,1
Steffenso...,1,0,0
"Ewelina P",5,0,2
Ptysia9,1,0,0
"Daria G",2,0,1
"Damian G",12,12,8
empireq,6,5,4
tranquy,74,40,54
"Nina G",6,0,3
klakiercz...,2,0,1
luki501,22,22,2
Spudnikhe...,5,0,5
Nordlands...,13,7,2
"Paulina P",1,0,0
Sergiusz...,2,0,1
kicker121...,19,15,5
niaura,1,0,0
"Maciej D",21,18,6
anna_angr...,5,4,2
Turystka2,34,12,10
dylanneve...,156,119,110
"Marcin J",34,5,22
"Grazyna H",73,18,37
Jean-Marc...,45,36,21
"Quentin J",1,0,1
"Sandra Na...",1,0,1
"Asia P",4,0,8
Natusvred...,10,7,9
"Maciej  W",5,0,11
Pica33,4,3,5
Merosss,26,19,23
aldosda,48,21,16
"Austin W",184,125,78
EricPDC,63,28,35
Ania_z_Galway,26,10,4
KatieFerg81,7,0,3
Marjana1952,105,28,72
TheTravellerMed,14,5,2
Josustin,45,14,9
Stewy70,21,10,7
AbergavennyPaulb58,41,24,22
"Audur T",1,0,0
"Mikko L",6,4,5
"Alan D",441,312,270
grh59,122,82,98
Anrienne,26,17,10
fedinapenale,24,5,17
"Roald A",122,66,116
Hanoi595,5,3,3
palepurple,16,11,8
larsko,18,10,5
mgtHants,40,22,22
Perfec,1,0,0
amj77,25,14,23
alled2015,24,10,8
crisanflo,66,44,30
especiall...,468,122,154
"dobre ale...",1,0,0
gornizky1...,38,3,9
"Sowa N",4,0,0
"Vito D",9,9,5
ALEXEY_Mo...,67,59,36
"Alexey B",225,105,48
fruzia783,22,5,21
"Damian R",60,27,14
"Ulrich P",22,4,11
"Mickael N",1,0,0
pijang,12,3,9
"Svein A",4,3,2
Andrrrey,522,234,172
Daniel801...,2,0,3
puseline,138,38,68
victor201...,72,33,27
Nansyss,6,3,1
"Barbara V...",13,0,15
Bandytjej...,1,0,0
egros,177,64,62
"Gunnar K",15,9,7
urbanberta,11,6,6
billionsunsets,21,3,8
"Krisztian Ferry... K",66,36,12
"Izabela P",10,6,2
reisegalen,4,3,1
"Kalle H",2,0,1
ajs202,80,44,28
File101,163,93,68
minnam11,28,14,6
jjknyc,43,24,14
zombilly,40,32,10
3kids2cats1spouse,5,0,3
"Kamila P",3,0,0
MariaMaga...,2,0,0
ArekZegar...,1,0,0
"Paulina S",24,24,0
"Eva E",6,6,2
"Mateusz D",17,13,2
humptyang...,5,5,3
akoloskov,396,176,150
"Norbert J",10,10,2
NOREKID,2,0,0
IgorB61,34,14,12
ashka1,162,111,90
nr1rolf,26,18,4
"Ela H",5,0,1
"Veronica W",2,0,0
"Ingrid F",1,0,0
"Roberto P",7,0,1
Tennce,1,0,0
"Rune S",39,33,0
"Geri L",5,0,4
"Melissa R",1,0,0
3Monica3B,3,0,1
"Przemysaw S",1,0,0
Daeon,2,0,2
therams_1884,154,33,70
bellydancerG,42,18,14
Stephipephi,47,16,19
"Michael H",30,20,6
"Michal G",246,104,48
"Mark W",1,0,1
"Jacqueline K",104,68,51
"lutz d",1,0,0
"Darcy Y",1,0,0
HairyLion,52,25,21
"Adelfa C",8,4,1
"Carla M",21,17,4
Rennil,1,0,0
sandrat322,5,0,1
alexnewman333,2,0,0
KatjaPievilainen,4,0,6
lancashireglassh0use,30,8,12
Bozenna_BATOGOWSKA,1,0,0
rockie2015,1,0,0
"Elton W",1,0,0
edytadabrowska,1,0,0
"Sean R",4,3,0
Debsbrads,29,13,30
"Richard M",5,0,2
bentepia,3,0,2
"Rafal G",10,8,14
"Hallvard F",1,0,0
"Aman Y",1,0,1
kjellsky,2,0,0
Decid,57,27,30
"Kenneth V",1,0,0
"Renate F",6,0,4
"Niel A",3,0,1
Spikbebis,14,10,3
333kri,1,0,0
669maja,4,4,0
"Ramin F",12,10,2
Eskog,381,276,297
"Marek C",1,0,0
llqool,62,16,47
"Ashild l",4,3,0
louiseflory,1,0,0
torilhell,4,0,0
"Lee C",48,19,15
"Johhny G",1,0,0
sigbjoha,28,18,12
Eilfjert,1,0,0
soluzcwb,43,9,25
"Ted P",246,94,81
"Caroline T",1,0,0
"Dave T",39,28,6
"Steven C",4,0,6
"Micky D",1,0,0
"Carl B",5,4,0
"Anthony B",2,0,2
"Kjetil H",1,0,0
"Christian S",4,3,1
bobcz,64,12,36
Fortunamor,22,5,11
SaleDamc,154,51,70
uvarvu,81,58,35
Elivth,48,12,48
WeeMouse85,70,32,40
"Mark S",1,0,0
bontemps777,1,0,0
Livvy-bean,5,4,2
theoldwoman,128,76,104
Astridrh,1,0,0
Kesialucie,1,0,0
"Anette H",26,12,6
MagdaMarek_13,10,6,50
"Davie H",26,17,10
"Simon R",40,24,20
"Even S",1,0,0
Traveloskar,1,0,1
Archer196,1,0,0
"Ragnar L",1,0,0
DonCamilloNoruega,3,0,0
Tollefsen179,1,0,0
"Anita Hellevik M",1,0,0
"Johannes S",22,16,10
Xoyrasmor,1,0,0
"Joshua M",56,36,20
"james h",7,3,3
DavidZurhaar,2,0,1
"Ramin P",1,0,0
"Laras S",15,9,2
Christerjonsson,4,0,0
jonih654,2,0,1
Ola-Thengs,1,0,0
"Conrad H",29,13,12
CheckpointArchzie123,6,3,2
"Andrew K",1,0,1
"Kjetil B",12,10,4
Mkamyk,1,0,0
HerrFUDGE,55,33,27
"Alexandra Jane K",3,3,0
aurisofia,15,10,10
och_i,34,27,11
IvarE35,105,54,24
"Diina L",5,0,1
kellylu,98,40,62
Joivha,96,54,48
PaulFinland,165,69,57
"Milan P",6,5,2
JanBehrmann,5,0,1
SpiderB2,13,7,8
"Michael K",78,26,24
Sandrine_xx,4,0,0
Warren5,92,7,53
PeteWils,252,171,85
Jenny0128,5,3,3
"Lucy B",32,11,24
Tomto147,62,19,44
"Judith C",26,16,24
Ireneusz...,1,0,0
"Malina J",2,0,0
Aneta95.9...,1,0,0
"Sandra C",1,0,0
"Lena P",1,0,0
"Filip K",11,9,1
"Susanna S",1,0,0
"Zuzanna K",1,0,0
"Kenneth M",9,0,2
"Natalia P",1,0,0
"Klaudja M",1,0,0
ArteDeiSa...,13,12,1
"Shiro T",1,0,0
"Kristin M",5,0,1
loleha,14,6,0
m7o,60,39,12
"Jacek R",1,0,0
i-s-moroz...,26,7,1
ducrocq27,94,14,20
"Siv E",22,9,4
Unibert,45,22,13
"Bartek J",40,25,7
"Oscar F",1,0,0
Kikki_178...,16,5,2
"Micha K",36,31,8
Westgerma...,3,3,1
Maj-Britt...,6,3,0
Simsalabi...,219,93,69
"Petter Th...",33,21,3
FRG47,13,8,2
"Daniel L",8,0,1
"Daniel G",1,0,0
TobiZag,1,0,0
"Filip G",1,0,0
"Alina O",39,20,23
"per inge...",3,0,2
Christoph...,1,0,0
"Eryk P",64,23,16
chrispe01,17,10,2
tonee88,18,14,4
"Martin M",5,5,3
"Monika B",1,0,0
beaaata,1,0,0
Natalia,1,0,0
Angelika...,9,0,2
"Kuba R",1,0,0
helene651,2,0,0
ensamswe,3,0,0
Hatmyr,9,4,12
"Emma S",2,0,1
"Rafa A",1,0,0
"Per Magnu...",2,0,0
DomiLein9...,4,3,4
Fabiocost...,9,7,3
Reisefote...,6,4,4
Vladislav...,2,0,0
"Mira C",3,3,0
"Raphael S",1,0,0
"Tomasz R",2,0,1
"Gro Anita...",5,0,2
"Hege Pett...",1,0,0
"Wenche H",4,0,0
MadridVoy...,13,7,13
"Barbara D",8,0,2
"Lise E",1,0,0
"Ulrika P",16,9,2
Lagunama,26,6,6
Sawomir...,4,0,3
Christel...,2,0,1
Mangersne...,1,0,0
EdwardBi,10,4,1
SamiK90,2,0,0
"Kamil J",1,0,1
vszlatkin,1143,738,522
Natalia27...,20,6,6
"Ivar S",5,3,0
"Alberto C",22,10,5
"Bard A",92,58,10
"Andreas K",78,22,60
Reisevant...,2,0,0
Columbusa...,122,29,101
"Jane E",2,0,0
Upperfiel...,1,0,0
"Mania B",1,0,0
"Agata B",3,0,1
"Robert K",30,9,14
Shoppailu...,16,5,2
SaraSkrzy...,1,0,0
milcia81,189,69,45
Helliks,1,0,0
RenateSti...,1,0,0
Nataliaa8...,13,7,4
"Patryk M",1,0,0
"Marcin B",8,6,0
"Nina T",14,12,6
"Lasse B",155,62,28
"Kuba S",3,0,2
"Dariusz T",14,6,10
Zuzanna95,1,0,1
KsieznaDi...,1,0,0
"Magda K",2,0,0
Psittacus...,2,0,2
"Jarl V",1,0,0
Mickey_Ri...,1,0,0
"Elif E",29,7,10
"Piotr e",1,0,0
"Harmsen R",5,3,0
sansaKRK,1,0,0
jjt34gr,81,36,21
Koszalin,8,5,2
Jon-Even...,20,8,6
nitek79,171,72,87
weltentde...,18,7,3
wypustecz...,10,6,4
elinnygar...,14,6,2
annkri,82,40,18
Andrzej,3,0,2
"Nicole J",11,7,1
MN1991,14,9,8
"Filorga C",1,0,0
"Eliot F",2,0,0
natalia_k...,3,3,1
martuulek...,6,0,6
Elwirab,4,0,1
sobol_77,3,3,0
Ilyha007,48,8,21
runner-oh...,828,365,379
hey_dafna,3,0,2
Marta_Kat...,47,35,10
Stahlsa,164,92,34
"Harriet S",3,0,0
"Ronny S",8,6,2
"Jrn H",1,0,1
"Atle S",1,0,0
"RIYANE M",3,3,0
"George O",62,40,30
"Jerry V",1,0,0
"Vegard N",102,52,38
"Vibeke F",5,5,2
"Agusia Z",1,0,3
"Barbara B",1,0,3
mm_bed,1,0,3
"Katarzyna K",3,3,2
Katinka_12,27,23,13
Ville16,2,0,1
irenehi,2,0,3
"Juha L",1,0,6
Berit641,7,0,0
Birgitte...,10,0,4
podroznic...,76,24,16
Ingjald20...,38,7,7
olen61,120,56,24
"Geffi H",2,0,0
"Tonje T",3,0,0
IngegerdL,89,45,18
"Simen S",2,0,0
omskogen,6,0,2
"Geir K",1,0,1
Oeygarden,1,0,1
19Jones75,6,0,2
"Andrzej S",4,3,4
KristianS...,1,0,1
Graszek20...,6,6,16
Julianna...,1,0,1
"Svein I",1,0,2
"Lotta J",1,0,4
"Groch G",1,0,4
Robemac,4,0,4
Pooki16,1,0,3
"Kamila W",1,0,3
Inglev,5,4,7
"Siri V",13,10,5
"Iren P",6,0,8
BLLID,1,0,2
reidun167,12,6,5
igitravel,119,18,70
"Agata K",8,7,0
raddddd,5,4,2
"Ayoub N",7,4,1
EdmSos,2,0,0
AAS619,128,40,129
stanmanpl,35,17,15
kasi29,15,9,2
Sjungsled,1,0,0
fhjelle,15,15,7
bahor,2,0,1
Piotr79,130,56,64
anushkaka...,7,6,0
"Izabela M",2,0,0
"Maciej T",2,0,0
Wioletta...,2,0,0
BaumiMB,1,0,0
"Piotr B",6,0,2
WojtiGdyn...,18,15,3
Chase_Rab...,16,8,11
Liliana20...,5,0,0
"Adrian K",37,23,13
"kasia n",1,0,1
"Dariusz J",3,3,1
SanhausAp...,14,8,21
Magiena,4,3,0
"Jagoda B",2,0,0
Wr_An,16,11,8
"Emilia F",2,0,0
"Sanna L",8,8,0
dannygd,15,14,0
"Anna N",9,8,12
"Andrzej C",3,3,2
"Marek M",8,7,0
camelot72,4,4,1
ronne2014,50,19,5
"Mia S",1,0,0
80Mike80,8,4,6
"Tonia U",12,8,0
"Rafal Z",1,0,2
"Asia R",1,0,0
"Zofia D",12,9,2
hristo99,720,248,512
"Damian D",4,0,1
"Asia K",1,0,0
nnnnn426,1,0,0
"Dorota T",1,0,2
"Wojtek G",3,0,2
TBigB01,12,10,1
"Micha B",9,5,1
PioRef,1,0,0
"Tomasz J",14,8,14
"Heidi A",1,0,0
"J D",70,36,14
bledi85,2,0,0
Szyszynka...,58,54,6
domih1,13,7,4
"Monika D",10,10,4
"Wioleta Z",2,0,0
"Piotrek W",7,7,1
outofspac...,27,13,3
Kar_Nowak,40,22,6
"Justyna P",28,20,20
uliczka,10,8,4
Tim_12433,71,24,9
"Patricia A",62,23,26
"Andy C",1,0,2
"Marcel V",1,0,0
"Elisa R",11,10,4
cd14u,17,6,44
Acquiescent,33,6,46
"Eva F",1,0,1
"Richard C",2,0,0
foodlover1108,44,41,43
"Niklas K",1,0,0
"Dave L",7,4,3
adamchap,71,48,26
heathermalloch,2,0,2
Bill60763,46,24,28
imadmasannat,6,4,7
"Anna A",107,51,51
FirstCritic,12,6,8
"Katrine A",8,8,1
"Helen S",2,0,1
Jasio,62,36,29
HandyAndyLondon_UK,884,630,310
Erikamolos,1,0,0
"Jakub Z",7,5,3
mariusvh,23,9,14
"Jim H",3,3,0
HPGB,69,54,24
"Angelica H",4,0,0
sazmeister88,91,57,68
larsvedoy,33,4,26
RenataSguotti,21,12,6
Grolhy,23,8,20
"Magdalena B",28,16,4
"Agnieszka G",1,0,1
Lazco,8,6,8
M-Sz-G,3,0,0
"gavin c",4,4,1
Hella79,7,5,1
Bardune,1,0,0
JudithvdD,88,44,52
Gertrood,4,0,4
"Magda W",4,3,3
"Lauri A",31,27,21
johnedwardclarke,14,8,18
miumik,21,6,31
JSH1960,48,24,30
ScottStavanger,14,8,1
"Henrik R",11,7,6
"Ana Carolina d",11,6,10
"Outi H",12,6,8
"Krzysztof H",55,37,15
J-Period,55,29,28
willtellya,31,17,10
"Javi F",2,0,2
"Nils R",1,0,0
"Rene B",7,0,5
AleksanderP,8,8,3
Ian1917,59,19,68
"Guy F",38,10,11
"grazyna k",7,0,5
"Eirik L",16,16,6
Katarzyna_11,31,19,15
LassiK,417,310,227
Globetrotter1948,146,70,78
"Pam M",12,4,1
geirska,7,5,2
TPeder,19,12,14
ILYA_PACH,41,8,51
"onia o",15,4,8
"Jennifer C",132,88,72
LiliGora,25,14,14
Fussy,292,82,558
"Henry B",54,44,24
RobinStarUK,1,0,1
BistraPetrova,2,0,3
Anna_Rowley,4,3,3
JanteBerlin,7,0,7
BigScizzle,20,13,10
"Ivan H",2,0,5
"Jekaterina G",4,4,6
Eduard7679,2,0,3
"Maggie P",13,7,13
"Roman S",36,30,6
"Ewa B",22,16,2
maserafi,1,0,0
Casteletto,1,0,1
guzzlinger,34,33,18
GinaCarlos,5,5,3
"John M",4,4,10
FilipXyz,22,20,8
"Phil R",14,8,4
A_TA_Commenter,106,62,49
Henningsan,34,23,8
"Bart P",19,0,8
helenTadcaster,33,18,13
MayaGermany2013,17,11,10
the_curious_one,13,8,24
accidental_explorer,5,3,7
Chiromanzi,13,8,14
macieii,60,24,68
Obrfso,14,14,12
Peripateticmensch,147,65,68
torfug,3,0,3
"Ronnie K",11,7,1
figgeVell...,148,68,40
asmund201...,4,0,2
"Lukasz K",2,0,2
"Anders B",2,0,1
"Kinga B",1,0,1
"Jakub B",1,0,1
"Adam L",12,12,9
"Leon M",3,0,1
"Uwe R",2,0,1
anna_igna...,2,0,11
"Marcin T",1,0,1
"Pekka P",7,0,0
"Amanda N",1,0,1
Katka_SK,1,0,1
"Iwona  Z",1,0,2
4stronysm...,5,5,3
magszne,1,0,2
"Kerstin S",2,0,1
"Cami P",69,40,23
"Pawe O",2,0,1
"Lexey E",11,4,2
sotka443,1,0,0
Derivo1,6,5,0
Kawloch,4,0,6
"Danuta G",5,4,0
Hugo_Nina,435,121,104
mipajak,7,4,4
evehaugs,40,32,7
jssia,36,24,13
"Izabela G",2,0,1
Linda1_Ch...,85,41,29
pallvice,3,0,1
Lenkaa88,2,0,0
"Jagoda J",20,14,9
"Fina S",6,0,0
audiosluc...,35,10,10
"Mariusz W",19,8,49
Macky_Maj...,1,0,1
Kal2304,18,18,0
Remigiusz...,4,3,0
"Bella P",4,0,2
"Sabina N",13,5,17
PtasiekCa...,24,13,9
Mjesus79,24,13,18
Pabli975,37,8,16
"Alessio G",7,4,0
Festu,49,25,39
annelise5...,76,32,14
Husell,29,17,8
arkkoo,29,16,16
Schabe,12,8,4
"Lukaz K",198,126,22
Jenni_F_H...,1,0,0
"Anders K",1,0,0
Zibio2,1,0,0
"Paulina O",30,13,24
"Renata R",4,0,0
Ingerbh,5,5,3
sandyhors...,1,0,0
"Anne Sofi...",1,0,1
"Irene D",3,0,0
DerpityDe...,3,0,0
"Anna C",1,0,0
Alboronia,38,34,11
Thax2014,310,150,24
lukaszk93...,2,0,2
"Ewa Piotr...",1,0,0
"Marian L",1,0,1
RadekK198...,8,6,10
"Kathrin S",1,0,0
syrekgim2,1,0,1
"Paolo M",1,0,0
Rob_UK569...,1,0,0
President...,177,137,155
"edy-ta S",22,7,8
KarinaNon...,6,0,6
"Endre S",4,3,1
Lenka545,31,12,5
"Ksenia I",7,0,6
sveta_sol...,46,42,34
"Andrzej B",13,7,13
Elena0214,18,15,11
Giadaviag...,43,13,9
"Dag D",12,6,2
"Marina C",18,10,7
"Bent R",1,0,1
808NilsO,5,3,2
ALPALP,5,4,1
S-gronvol...,6,4,2
"Anneli J",3,0,1
"Gunnar P",4,0,3
tokue0427,1,0,0
hmpaur@gm...,5,3,3
Sonte1984,1,0,1
simoesse,1,0,0
"JurgenD D",16,16,5
szub,4,0,2
"Harald O",11,0,5
"Rune K",22,5,14
Andreadot,25,16,13
Gnomis,174,100,86
"Stefano P",168,136,92
Didierdug...,120,74,64
Bugstein,3,0,5
"Oleg M",20,14,9
Wega1977,6,4,2
prokite24,3,3,7
wosiegl,8,7,1
Joseluis0...,130,68,62
"Dorota D",5,5,2
AndersZor...,99,68,18
"Emilia U",6,6,6
Petter201...,7,3,2
larswegen...,1,0,0
Tobias_L7...,42,19,20
"Maja W",12,7,8
poseidon1...,218,132,94
"Mariusz L",1,0,2
Heiko1969,29,18,7
Arild_Dra...,5,3,3
KJens1,53,5,15
Jensravna...,21,14,9
Johann-Jo...,55,20,18
Giuliano4...,472,280,218
"Roman C",119,19,51
TomGunnar,40,18,14
Tordis201...,15,7,6
Siegfried...,153,99,111
MariogRun...,3,0,1
Burza1,70,38,28
Ewelina20...,2,0,5
"Tatiana P",57,37,29
"Nibor U",27,23,64
yolosdi,17,3,10
matt0064,8,7,1
"Barbara C",3,3,3
"Sanna B",5,0,0
"Ania W",1,0,0
BartDev,5,5,1
DHook,520,168,174
"Valeriia G",17,7,10
Mikalerim,1,0,0
"Lars-Erik B",1,0,0
MarchessadePolo,34,9,9
70Heikki,1,0,0
"SEBASTIAN Z",5,0,0
Fisheagle2513,135,71,60
"Luk Y",1,0,4
Commonz8,3,3,3
abbafan,101,40,80
larchien,18,6,17
EWAB731,34,34,14
keb88,1,0,1
julie60,346,188,172
"Ana Cristina P",21,11,25
swanseajack1,9,4,8
"Sylwia J",14,3,18
"Sarah W",31,15,23
CatCon23,11,4,6
szymsien,96,72,30
kmpr2,7,6,0
MayloHarding,17,11,27
malexandr...,3,3,0
"Je R",2,0,0
"Maria L",5,5,1
monikapp1...,3,0,2
Fliegfrea...,18,3,19
"Kacper K",1,0,0
"Emilia S",7,7,3
heand,12,7,2
"Bent Eiri...",8,5,0
Kfoczus,84,54,50
"Rafal B",1,0,0
Mamcia,12,9,3
axelin,80,20,74
"bartosz j",7,7,1
pawelacb,12,8,8
lokipocki,9,5,2
"imimap .",18,18,15
"Thomas L",62,46,16
"Joanna P",6,4,3
malgoblaz...,13,4,16
NKEwa,9,6,3
Ziuteczka...,13,9,4
Liliya778...,10,0,9
lapakarta,14,13,3
"Tiina H",3,3,3
jean_lico...,25,15,7
EwaN83,2,0,9
75skala,297,168,66
"Gizia M",1,0,1
alfcat,708,183,261
tornado9,479,136,109
Seal782,51,17,56
krisarat8...,258,123,66
Maciej_Po...,3,0,3
ostrovska...,4,3,6
"Julien G",18,16,11
"Marcin L",1,0,0
Ania15Ani...,8,7,2
"Jose Luis...",849,324,252
reviri,108,92,12
Marcin,4,3,2
Matthias...,30,24,24
slavmel,3,0,3
Frostie_T...,11,9,4
Marcello...,464,203,136
"adi g",20,20,14
Anna3276,168,48,108
"Miriam G",3,0,0
Pas5501,29,28,18
Ullrich0815,82,21,36
beermaniac,2,0,2
Gaile_1959,33,4,12
"Christine B",1,0,0
THREOslo,270,144,164
misssjetsetter28,64,36,38
Jilles36,17,5,18
Hagburt,1,0,0
Freddy484,15,4,15
PikkuLille,4,0,4
V_Viktorija,40,20,26
sueborwicknicol,50,26,37
SNH231,1,0,0
Kirasofia,111,103,88
yoplait8,6,4,2
"Mario C",16,6,5
"Frank W",24,22,2
AurelieAM...,39,19,11
Agnes600,4,3,6
"Annie R",20,17,2
Italiarei...,11,5,1
"Ashild T",6,0,0
720marief,10,7,4
"Kjetil I",1,0,0
ahnely,15,4,4
maurizio...,2,0,0
Jakol1805,10,6,0
"Mike E",4,4,1
"Fabrice G",1,0,0
ki_teo,16,5,10
maciej_al...,12,8,2
Braunberg...,14,7,12
"Knut T",2,0,1
almqanni,7,5,0
"Martin Z",1,0,0
"joker 9",3,0,0
"oLek- s",2,0,0
"Konrad S",7,7,2
"Ewa Jurek...",2,0,1
MicZie,9,7,1
bujdanare...,24,23,4
"Ilona R",1,0,0
"Marlena J",2,0,0
Wodzimie...,4,0,0
Patryk_Pa...,1,0,3
"Jacek G",4,4,1
"Dariusz D",18,8,3
harmaantu...,358,222,83
"Oliver S",11,6,2
drjekylls...,11,10,2
sizi2015,1,0,2
"Solrun T",1,0,0
JacobB4,1,0,1
"carla v",4,3,0
"Julia H",2,0,0
Fiskaaen,9,4,0
radar20152015,27,27,9
laxgirl1,8,5,10
"Anssi K",5,0,4
"Heiko A",126,32,58
dialqueen,68,19,26
Emigranten,12,5,4
monm03,1,0,0
sachahennekeij,10,7,5
"Rob S",10,6,9
"James R",2,0,0
ShukLondon,30,15,19
"Sheyeen L",6,4,3
Horhe64,41,12,9
"Judy F",129,54,102
"Grete H",2,0,2
"Per E",2,0,3
AniaMrovka,14,9,11
iinak2015,18,15,3
FrauLottenstein,6,3,1
"Jussi P",4,4,0
"sibylla s",5,0,4
Gothenburgers,149,72,26
"Roy Willy M",1,0,0
trvlnsandy,52,18,27
Andres_and_Angela,105,65,43
KayP28,21,16,9
"Ewa P",6,3,4
mw238,135,63,98
Christopher2011_11,49,24,40
silwill,2,0,1
Durris681,225,126,137
"Mark H",3,0,3
elle421,6,4,5
Alberto_Bongo,9,9,0
SimplyJim,2,0,2
chairmanbernie,54,22,33
"Kenneth O",1,0,1
"Marcel W",133,27,84
slpasay,74,32,34
Jimbo16,64,20,108
Flemmono,8,4,4
"Tracey P",14,6,8
DannyInNewYork,2,0,2
"Ann M",1,0,1
turistkjell,53,22,69
"Agnes M",1,0,2
"Rene N",1,0,5
"Mac F",2,0,5
"Mark M",1,0,2
FinlandTimo,326,262,154
RollingHedgehog,24,8,10
PetraKon,6,5,0
"Hege D",3,3,0
"Lina F",18,12,0
Ingermere...,5,5,0
DimitroNa...,11,10,2
41odensea...,1,0,1
nataliak9...,2,0,0
luis_cmps,3,3,4
"FREDDY F",70,42,20
Market69,25,22,10
kimmomatk...,5,3,1
"Koen M",10,3,6
"Just J",1,0,0
"Ulf D",6,5,1
"Alessia Z",7,5,0
Ttweet,185,93,72
doocia,12,12,2
PamellaGM,73,11,12
"Shamek W",3,0,0
Milco_Sch...,1,0,0
"Monika R",2,0,0
Renejson,1,0,2
SylwiaPaz...,1,0,0
"Janne Igg...",3,0,0
D_Elena20...,33,9,10
AnnMaj,1,0,1
dziekanow...,1,0,0
HildeHerm...,1,0,1
Kristian...,4,0,8
"Bozena B",1,0,0
Mtoczek54,1,0,1
jones4711,1,0,1
bartoszsm...,1,0,0
"Marek G",1,0,1
"tomasz o",1,0,3
"Halina D",1,0,1
Lso-dk,3,0,2
"carafe p",94,85,57
M19740102,2,0,2
"Iwona D",1,0,3
Moscow197...,4,3,3
"Paulina F",2,0,6
PawelGrab...,1,0,2
erlug,31,15,2
Petros81,1,0,0
"Liv K",1,0,1
ZOMES111,4,4,4
"Pierre P",1,0,0
"Gustawa M",2,0,3
"Vera S",2,0,0
"Isabel A",2,0,0
"Monika Q",3,3,2
"Regina N",2,0,5
GiuliaMB,60,44,24
"emma t",8,6,0
dermitohn...,126,21,108
"Stas T",1,0,0
fzamponi,24,16,7
Dron22,20,5,14
Lupav73,66,38,27
ARSweden,44,20,19
Nuta23,36,19,9
MS_from_L...,21,10,17
"Ula N",1,0,3
stromer14,3,0,0
Leif-Sver...,3,0,1
Ruthmuc78,6,6,6
Tobey82,3,3,0
Marzec201...,1,0,0
Rebeccaaa...,12,7,2
mrbonsoir,32,12,12
"Bogdan Z",1,0,2
tob68,23,18,6
Gosia21,2,0,3
ecosilenc...,1,0,2
ZaragozaM...,132,48,78
WojtekB96...,1,0,3
pavlov_81...,280,154,224
Guga83,171,132,142
"Giulio L",2,0,1
"Peter Z",6,4,7
Federico...,1,0,2
SzyszynkaInternation,29,27,3
"Julian W",3,0,1
"Tomek S",2,0,0
"ewelina R",13,6,4
Megazord,49,34,19
"Edward R",4,3,1
Karol_Zw,2,0,1
"Arti Z",1,0,1
MCfromEdin,59,43,31
Gmia,2,0,1
mgv4,15,0,8
"Joasia G",1,0,2
"Dorota G",1,0,0
klaudiaal,1,0,0
idl2015,6,6,0
Alexandra1410,14,14,8
39marita79,1,0,0
Norskjente71,34,13,9
CuzSlowpoke,8,4,3
"Jan V",4,0,0
AUSLion,150,88,71
JMorris99577,5,4,1
kjaterina,2,0,1
dealer8,16,15,2
"Patryk O",40,23,22
"Jagoda K",14,7,3
"Mateusz B",5,4,5
"Dietmar P",2,0,0
Alicja_dp...,11,9,9
"Jamie G",12,11,14
"Henrik E",2,0,0
AndrewAndCeri,76,36,40
"Lynne C",7,5,3
peediewife,166,81,84
"Aneta F",31,11,11
1981AMD,108,70,46
ID576207,207,120,138
Kallander,103,55,95
"Tero S",3,0,1
515belka7,4,0,0
"Frank T",30,0,20
_eNWu,10,4,8
justynaLC,8,6,4
CenereGri...,35,26,15
"Frida P",1,0,0
jneagle,2,0,0
"Daniel W",4,0,0
mark7557,60,39,67
Albia-Newton,651,193,367
"Geir P",13,6,7
"Emmet W",5,0,0
confident...,86,39,54
rafeta54,4,0,0
"Jurgen T",1,0,0
"Danuta M",8,8,0
Ciolcik,7,7,2
"Merja K",38,15,1
justanick...,1,0,1
"Peter S",61,49,4
"Oleksii T",1,0,0
"Rune H",83,25,42
Paivi2012,4,0,1
"Mette B",35,15,9
MarkLomma,14,14,6
"Tiia R",6,6,2
"Roman V",3,3,2
normanjones,50,26,35
ntothea,11,8,1
"Emilie M",23,12,12
"Christian E",4,4,5
"Gudrun M",9,6,3
irumley,106,46,40
Prehab26,12,9,17
"Tuukka M",6,3,1
Mex31,27,21,26
"Charlie H",2,0,1
"Riitta M",4,3,2
MatsRabe,90,49,16
Kimmen1,210,96,126
BasiaStr,12,5,11
jem57,26,16,16
Deborah_Martin2013,46,6,18
RhianJay,26,18,40
Thorbjorn66,1,0,0
karinae1,15,5,7
"Vidar J",15,12,2
"Hesam A",35,24,6
"Timo A",5,3,1
"Esther F",2,0,1
Gabbipower,7,3,2
mariaa1972,55,45,44
Sasanf,177,50,126
KorsGeorge,39,21,67
reisemye,30,17,25
LiverpoolBloggy,34,8,13
Katrine68,9,5,2
"Besart R",10,8,7
"Anthony S",4,0,4
"David C",154,48,76
"Randi L",34,12,4
helsle,25,22,2
Heta77,15,10,8
"Daria k",24,12,7
"Natalie S",1,0,0
"Dilan T",5,5,0
tetera,8,3,5
Terje1,119,43,19
stomper71,2,0,0
"Kristin B",1,0,0
martinegs,4,3,0
"Mauro I",11,8,2
"Nils H",6,4,1
"Mariusz M",66,43,31
"Merete P",12,8,0
Zaxaar,40,20,10
"Anna H",1,0,0
"Renate D",3,0,0
Paclafe,136,54,95
"Marceli M",2,0,0
andalucia...,15,5,7
"Carina N",1,0,0
Margareth...,1,0,1
"Edyta x",2,0,0
Geirmund...,3,0,0
Hege2,2,0,0
mn_makaro...,146,139,27
"Espen H",4,0,1
"Janus A",46,24,4
Annekatt,9,6,2
"Marcos M",2,0,0
"Marek L",1,0,0
"Gian D",43,41,24
"Lars L",1,0,0
"Tormod M",2,0,1
GabrysiaN...,1,0,1
RoelFen,2,0,1
"Monica H",1,0,0
"Elin P",3,0,0
dita06,2,0,1
apax,153,142,113
"Kristin E",1,0,0
"Morten T",3,0,2
RexRodney,58,40,14
Bjornpaal,1,0,0
"Liv N",3,0,2
MagdaMare...,10,6,50
"Lisbeth W",6,0,3
haraldno,1,0,0
adam19630...,44,21,29
macdean69,26,17,14
"Teddie H",9,5,0
Chriso-No...,8,6,1
"D K",70,28,12
"Kari Anne...",1,0,1
"Ann O",3,0,1
HeidiKatr...,6,6,2
"Elin A",6,4,2
NinaPiace...,44,16,25
USajewicz...,23,15,20
PaolaGian...,93,74,60
Gry-Wench...,43,29,12
Krisvenas,3,3,4
"Kai B",1,0,0
"Hakon A",1,0,0
DarkMike7...,27,10,7
Totraveli...,6,0,1
stevenbaz1968,1,0,0
"Mirela M. M",1,0,0
Norwegianlight72,4,3,1
Tubooh,24,6,18
"Minna T",7,4,4
tombat,34,12,20
thomasvaer,25,19,4
banjokatt,16,3,11
"Frode B",1,0,0
"Celine B",1,0,0
Malin369,10,7,3
sfcarl,29,14,10
Hahhyn,2,0,0
"Debby S",3,0,1
"Wojtek M",5,0,4
"Warren H",21,8,15
n_wiedenhof,202,96,97
m_oto_res,20,17,5
Stia1,2,0,1
janeigi,18,13,17
"Marco H",254,179,146
Ptctrvler,8,0,4
MarkMonkey,22,5,6
FinnFlying,79,45,56
BulldogGdansk,81,34,26
PedroJK,34,16,35
beatawilkins,3,0,2
GoonGloop,138,123,66
Gresk,66,27,57
JenniferManchester,26,11,13
justys-a,1,0,0
mariuszon,102,42,5
"Trude B",33,27,6
"Sol G",8,3,4
joergense...,11,6,7
"Beata R",15,8,1
Filmes,14,7,3
"Elena L",2,0,2
Wrmbdmpfl,29,24,2
Animatze,12,6,4
giannigia...,10,5,3
solveig25...,2,0,0
Janemus,2,0,0
Samson01...,108,55,70
agusiaww0...,44,16,18
Groenlie,8,6,0
"Ernst H",172,48,72
Denergrei,31,24,7
2014Eva,82,43,9
"Thorn H",11,5,3
Julesbrod...,211,71,119
Roy-Nord,14,6,5
Rlhammar,44,23,12
"pietro r",652,242,223
Yosef_Vis...,53,32,28
David_P_S...,101,76,38
Alyshaeh,5,3,8
Kari-Brit...,2,0,1
Gunvor_og...,4,3,3
Joa77,8,6,4
ChulaNoru...,15,7,5
"Benotto G",4,4,2
simonebig...,46,38,25
M0rganLil...,62,40,15
cancerfis...,38,17,20
B0d1113,7,6,8
"raf d",1,0,4
andreafer...,6,0,5
gruszczyc...,7,3,6
secondspa...,31,16,11
"Les C",2,0,0
jorgen_lohndorf,4,3,1
"Paulina L",1,0,1
Michalina...,17,13,2
carlolaos...,1,0,0
"Beata N",1,0,1
"Sandra P",1,0,0
Malwina_W...,1,0,0
Tornado0963,189,91,76
"Franziska E",18,13,6
"Atle O",1,0,0
sonuuuq,4,4,0
"Matt H",103,29,30
Lukakonk,24,15,10
Tonemer,1,0,0
"Pia S",1,0,0
"thorbarry .",5,4,3
"Patrick Q",1,0,0
Pakul79,3,0,0
"Wanda L",2,0,0
"Lovisa V",1,0,0
Krystyna...,1,0,0
Wladyslaw...,1,0,0
TMONTANAS...,1,0,1
"Samuel P",27,8,5
ElysaLove,52,14,11
sirtomask...,1,0,1
"Yanina N",1,0,0
Pisec,2,0,0
Peter_Palmquist,2,0,0
mllefluoxetine,12,9,3
BlackKyle,51,14,19
"Muslum K",3,0,0
posejdon12345,105,14,54
jd9UK,66,11,40
"Ewa X",18,15,14
"Jan P",3,0,2
paciuffo,82,38,18
"Aneta B",5,5,1
unatania,96,60,18
rafa_3236,47,29,15
Ilasbel,9,7,1
AMBERGALLERY,34,16,13
"David B",26,12,18
"Ania D",1,0,1
travelbhatia,29,12,10
BramborowyKnedlik,25,10,3
"Rory M",2,0,0
StroMa_619,6,4,0
"Adina M",12,8,1
"Catherine F",12,4,9
JusticiaInfinita,108,45,70
"Yuliya F",14,5,2
ElisaPM,15,11,10
"Frank M",98,67,48
Cookiesmith56,102,41,47
"Theresa R",2,0,6
buddy87,24,10,3
carpip186346,60,42,32
"Jacek T",12,10,4
"Maarit S",20,17,4
nisbet45,14,8,17
kippen2,18,5,9
"Asgeir A",7,5,1
Kushnarova,52,24,39
"Mandy N",23,13,18
"Paul T",2,0,0
Clairemorris,33,19,10
quickstep09,27,3,22
Meet-the-Furkids,57,14,68
Shosanna,2,0,1
Piercl,27,10,14
Trondoc,221,72,75
oollusia,13,6,8
Razokadam,35,13,19
Wallis145,23,10,9
ModeCoral,39,31,14
NYC1010,9,7,1
bougainville30a,97,17,79
"Mina P",231,36,159
tgseaver,2,0,0
StianD85,27,11,7
zeyok,1,0,1
gabbyb_11,11,7,5
meacey,80,53,47
Ato-81,100,63,77
"Baiba V",1,0,0
agacioreq,1,0,1
"Control P...",1,0,0
Mornajenz,17,4,3
"Rafa M",1,0,0
"Ewelina K",1,0,0
Livval,1,0,0
Giovanni...,241,215,96
"Marko V",10,8,0
HGM006,175,24,112
692015,1,0,0
"Enzo Z",173,117,53
"Huong N",1,0,0
Dorianaga,5,5,0
"Nancy A",2,0,0
"Wenche M",2,0,0
Emtis,53,35,12
eivind243,2,0,1
"Corinne J",18,11,2
Catta50,10,0,10
"Marcel I",187,84,60
rheinmose...,32,18,31
Nemezis66,83,30,19
st_zalesn...,6,4,2
Ted275,3,0,1
reisegale...,4,3,1
"Niclas O",4,4,0
"Ana M",73,8,15
Bally12,44,9,26
"Lisa F",7,3,3
"Sigmund M",10,4,4
"Eirik T",53,21,14
Piotr_M_W,14,8,0
Kari-Mett...,22,10,3
vsk24,107,27,37
"Joel D",16,15,3
flyaquila,140,99,92
Elzbieta...,16,8,3
Jean1ne,26,20,6
Reiseglad...,12,5,3
"Sandra S",3,0,0
"Giulia F",22,9,13
anja_schn,21,12,4
ElTataVia...,107,24,31
Emilia06,28,7,15
gattoinvi...,13,9,9
"Izabela C",2,0,0
stokdal5,10,6,3
"Henning S",3,0,3
Mieke-v-D...,16,8,8
"natalia b",5,5,4
"Elena T",1,0,0
smallwitc...,1,0,1
Eddie_S57,119,63,56
Natalia_0...,3,0,0
jochen001,70,46,25
"Jakub D",6,5,13
danielbje,4,3,8
"Gosia N",51,24,44
"Antonio B",15,11,6
Elpajorro,21,10,8
CarloJP,29,19,5
pucelana8...,45,29,7
Condivido,92,47,42
fraMonza...,8,6,1
"Heidi E",3,3,2
"pikim t",157,88,129
Andre1118,48,32,19
look4me_p...,1,0,0
Peritobor...,35,17,23
Kristinar...,43,15,36
"bruno p",17,6,3
Alberto_B...,9,9,0
LordRicch...,44,39,21
"Arne S",4,0,0
Hanslutz,152,106,106
"Antonio M",1,0,0
"Audun fla...",1,0,0
LarsYvonn...,4,0,43
AnnaL846,42,21,19
Motorradf...,47,0,32
specht4,6,0,5
Ula_ru39,1,0,2
red_brussels_sprout,48,16,32
Rickfil,68,35,62
Pirbrightgolfer,29,5,46
martinipen,144,94,18
Holiday_peopleDublin,9,3,8
Bighe1977,28,25,7
Malena_pl,47,21,28
OlaPiwi,13,12,10
"Jacek P",206,43,110
Jensine,29,4,37
744elisab...,7,0,1
acsvie,112,41,49
"Michael L",3,0,0
Antonguid...,154,126,71
"stefano b",4,4,1
perpunkdu,264,208,72
kbsweden,2,0,0
IPAAT,350,248,100
"Livio D",16,12,7
lubaca57,97,48,10
"Massimo M",336,78,112
"Martu J",2,0,0
"Monica F",6,0,4
"Lech S",7,7,7
greiwe,1,0,1
rincewind...,1,0,0
MariskaRi...,14,10,7
Olosz,65,13,33
"Maela P",12,3,3
alexethc,1,0,2
knowthegoodstuff,122,53,83
"Philip G",1,0,0
djcreeper,1,0,0
riche1962,23,12,10
daesquiv,239,99,91
alidur,7,5,1
"Ray N",43,25,8
grochowsk...,1,0,1
ColoLeoRi...,68,37,11
"Tomek K",19,8,15
Caxarrita,17,7,0
313monica,12,0,5
LokoDavid,50,19,20
dartnet,87,53,34
"Maciej W",19,9,7
"Aina L",1,0,0
"Joanna D",1,0,0
jordanas2...,30,13,15
LFKS,5,3,1
Euler01,41,8,19
beatrizzzza,6,0,2
"Mikolaj W",4,4,2
Riikkulibeibsu,6,4,0
Prc876,15,7,17
"Christiaan K",2,0,0
Juzhou,1,0,0
"Arita M",5,0,0
anja3456,1,0,0
"Tim O",161,78,69
Parmoqueen12,30,22,14
72taurus,5,3,4
PML39,8,0,4
glux007,1,0,0
"Marike R",33,19,10
margaretka,1,0,0
FromTurkuWithLove,57,57,11
jasdomanska,9,5,1
83L,11,6,4
"Reidar K",2,0,1
tammitots,9,5,6
"Mari S",3,3,1
"Ian J",52,28,31
9140,18,3,9
Edward678,30,10,23
CLG.2007,8,8,6
"Kathryn A",16,0,6
"Gerben D",3,3,2
"James F",78,56,48
"Trevor M",18,12,13
"James L",4,0,2
Sjarleee,34,12,8
"Erik V",7,3,1
"Gabriel M",1,0,0
Ibbur,65,12,39
Huttiheita,56,23,29
Kjell_MK,10,3,2
"Olav B",1,0,2
"Opes W",1,0,0
sms125,11,0,2
"Sally-anne R",94,30,52
"Ulrika H",27,14,6
pcalisto,17,9,18
Crcb,373,182,153
bps-uk,81,9,68
Mualimanmatkaajat,26,5,19
Rubski,4,0,3
Eervi,19,10,2
"Jelena R",45,13,24
douglasben,8,3,6
"Hirlsa H",229,95,71
jwebond83,7,0,2
"Nick H",3,0,2
Mmadalena79,64,54,27
"Norman M",30,20,15
Jan-Andre...,5,3,0
Cari561,16,11,7
"Gaute G",8,5,0
Dondimon7...,20,0,1
Accuarius,54,11,18
"Vibeke O",1,0,0
Sylwiasy,4,0,1
CAE1972,11,4,5
"Theres B",9,0,1
"Claes H",24,9,4
llusium,15,14,3
"Andriy K",5,4,1
"Thomas T",6,3,1
"Izabela F",45,20,28
Monika311...,8,0,0
"Helen A",1,0,0
"Jan Z",6,5,4
Anneligh,1,0,0
"ajo a",21,8,2
matbli,11,10,1
Fernando...,103,46,21
BeataKruz,12,5,3
John-magn...,1,0,0
d201511,4,3,0
"Rickard K",3,0,2
Piolis,9,9,36
tczigma1,7,5,1
"Ifonka I",2,0,0
pizama_pr...,28,25,7
Jessansve...,6,3,1
Untiss,17,11,9
"Izabel K",31,8,10
ChriRob,76,7,14
"Kryz N",4,3,0
Viktory5,22,5,18
jschneide,2,0,0
Kiniuch,5,4,1
roksi2008,8,5,2
MelissaJa...,14,4,10
"Bazej J",2,0,1
pandagiga...,12,3,2
"Kenan T",6,4,2
"Kari A",11,4,9
"Per J",1,0,1
"Pawel K",5,5,1
"Ada S",12,9,4
gizthewiz,8,0,1
Agata173,1,0,0
SusanneOc...,22,8,12
"marta z",2,0,2
Amigoucie...,81,38,63
"Michael E",1,0,2
loww,62,18,46
"Owe J",36,22,13
Axe111,1,0,0
Jimmyg_no,16,8,5
"Anne Katr...",8,7,3
HubertJ69,2,0,0
Olga_Geor...,16,3,1
bigbeee,105,29,123
ziemowits679,124,11,2
"Doris K",5,4,4
"Katie P",12,9,3
Pat_Gdy,1,0,6
"Krystoff D",1,0,7
Arek_Pl,9,0,9
Aniaggg,14,6,11
anita-anna,65,18,59
joylin,114,47,109
swoop_eagle,10,8,6
MikatheFinn,61,26,8
MargaretZ32,2,0,7
"Harson s",1,0,7
LilaOrteg...,85,71,30
staciek_p...,10,4,0
"Andrzej P",14,7,3
kolacja,1,0,3
Annamaria...,9,0,6
maya_hari,1,0,1
KamiKElbl...,41,15,38
"patryk p",1,0,2
asia,2,0,6
"arma L",50,32,14
"A A",19,5,19
"Maja S",1,0,7
szefmacek,1,0,5
AGZ136,1,0,7
MMariusz,10,6,6
ewelka201...,1,0,5
PiotrMD,14,10,11
"Arek R",8,4,10
RIchal7,9,6,8
301Barbar...,1,0,8
Blacky_x,5,0,7
"Izabela N",110,61,48
Magorzat...,1,0,8
"Magdalena K",3,0,1
Aleksanderj703,26,10,7
"Ingerid W",2,0,1
Miesny,8,5,6
CiderBubble,33,19,13
Michael_Wroclaw,11,4,13
Bartlomie...,10,7,0
szaszika0...,3,3,0
Lopez2381,12,7,0
Skiiper,10,3,0
Onion1975,5,3,1
289kaska,2,0,1
"Basia B",37,22,27
"Marta P",6,5,0
TatiKar,2,0,0
marlena12...,3,3,0
gdanszcza...,2,0,0
"ukasz S",12,12,4
RobertNow...,7,5,4
ana_g_ana,6,5,3
TOnsan421,48,40,5
Ikamo,50,15,37
"Aga Z",2,0,2
"Adam S",23,12,14
Polinezyj...,61,24,8
wolkenfon,10,6,8
"Mariola P",46,16,18
"Malgo L",18,5,16
"Wiktor S",1,0,0
FridaPoul...,36,8,37
luckie79,12,9,5
"Ryszard R",4,4,0
"Kelley C",10,8,2
"Jack P",3,3,0
intrepid1406,150,97,125
TomekBe,35,22,4
lindawba68,46,15,51
MyKadlubk...,38,21,10
Kapelusik,1,0,1
Francisze...,100,36,24
Lisiecky,15,9,4
"Kat K",30,23,3
Bbeti,37,25,14
EDINSTVEN...,23,8,7
eckiw,72,32,18
CarloGenoa_Italy,85,52,105
MoniaM25715,2,0,0
TripMember042820151,180,84,73
criski88,2,0,4
"Arne K",1,0,2
BenteJoha...,1,0,0
MarekTumi...,50,24,29
Dusiowa,11,8,1
Smaug2023,2,0,0
sasha817,60,12,35
9krolikov,11,3,3
dj4am,2,0,0
Madge29,3,3,0
"Alina B",1,0,0
"Ewa S",7,5,3
"Oksana R",2,0,0
"Pol D",4,4,0
Damrokaaa,1,0,1
PieTu82,1,0,1
Scipion-Paris,1,219,977
CJTravelerTexas,937,620,1
"Dorian C",1,329,360
seaswallo...,195,122,1
